This is LuaHBTeX, Version 1.22.0 (TeX Live 2025/Debian)  (format=lualatex 2026.7.5)  5 JUL 2026 10:58
 restricted system commands enabled.
**main.tex
(./main.tex
LaTeX2e <2025-11-01>
L3 programming layer <2026-01-19>
Lua module: luaotfload 2024-12-03 v3.29 Lua based OpenType font support
Lua module: lualibs 2023-07-13 v2.76 ConTeXt Lua standard libraries.
Lua module: lualibs-extended 2023-07-13 v2.76 ConTeXt Lua libraries -- extended 
collection.
luaotfload | conf : Root cache directory is "/home/fazy/.texlive2025/texmf-var/l
uatex-cache/generic/names".
luaotfload | init : Loading fontloader "fontloader-2023-12-28.lua" from kpse-res
olved path "/usr/share/texlive/texmf-dist/tex/luatex/luaotfload/fontloader-2023-
12-28.lua".
Lua-only attribute luaotfload@noligature = 1
luaotfload | init : Context OpenType loader version 3.134
Inserting `luaotfload.node_processor' in `pre_linebreak_filter'.
Inserting `luaotfload.node_processor' in `hpack_filter'.
Inserting `luaotfload.glyph_stream' in `glyph_stream_provider'.
Inserting `luaotfload.define_font' in `define_font'.
Lua-only attribute luaotfload_color_attribute = 2
luaotfload | conf : Root cache directory is "/home/fazy/.texlive2025/texmf-var/l
uatex-cache/generic/names".
Inserting `luaotfload.harf.strip_prefix' in `find_opentype_file'.
Inserting `luaotfload.harf.strip_prefix' in `find_truetype_file'.
Removing  `luaotfload.glyph_stream' from `glyph_stream_provider'.
Inserting `luaotfload.harf.glyphstream' in `glyph_stream_provider'.
Inserting `luaotfload.harf.finalize_vlist' in `post_linebreak_filter'.
Inserting `luaotfload.harf.finalize_hlist' in `hpack_filter'.
Inserting `luaotfload.cleanup_files' in `wrapup_run'.
Inserting `luaotfload.harf.finalize_unicode' in `finish_pdffile'.
Inserting `luaotfload.glyphinfo' in `glyph_info'.
Lua-only attribute luaotfload.letterspace_done = 3
Inserting `luaotfload.aux.set_sscale_dimens' in `luaotfload.patch_font'.
Inserting `luaotfload.aux.set_font_index' in `luaotfload.patch_font'.
Inserting `luaotfload.aux.patch_cambria_domh' in `luaotfload.patch_font'.
Inserting `luaotfload.aux.fixup_fontdata' in `luaotfload.patch_font_unsafe'.
Inserting `luaotfload.aux.set_capheight' in `luaotfload.patch_font'.
Inserting `luaotfload.aux.set_xheight' in `luaotfload.patch_font'.
Inserting `luaotfload.rewrite_fontname' in `luaotfload.patch_font'.
Inserting `tracingstacklevels' in `input_level_string'. (/usr/share/texlive/tex
mf-dist/tex/latex/base/report.cls
Document Class: report 2025/01/22 v1.4n Standard LaTeX document class
(/usr/share/texlive/texmf-dist/tex/latex/base/size12.clo
File: size12.clo 2025/01/22 v1.4n Standard LaTeX file (size option)
luaotfload | db : Font names database loaded from /home/fazy/.texlive2025/texmf-
var/luatex-cache/generic/names/luaotfload-names.luc.gz)
\c@part=\count273
\c@chapter=\count274
\c@section=\count275
\c@subsection=\count276
\c@subsubsection=\count277
\c@paragraph=\count278
\c@subparagraph=\count279
\c@figure=\count280
\c@table=\count281
\abovecaptionskip=\skip49
\belowcaptionskip=\skip50
\bibindent=\dimen147
)
(/usr/share/texlive/texmf-dist/tex/latex/base/inputenc.sty
Package: inputenc 2024/02/08 v1.3d Input encoding file
\inpenc@prehook=\toks17
\inpenc@posthook=\toks18


Package inputenc Warning: inputenc package ignored with utf8 based engines.

) (/usr/share/texlive/texmf-dist/tex/latex/base/fontenc.sty
Package: fontenc 2025/07/18 v2.1d Standard LaTeX package
LaTeX Font Info:    Trying to load font information for T1+lmr on input line 11
6.

(/usr/share/texmf/tex/latex/lm/t1lmr.fd
File: t1lmr.fd 2015/05/01 v1.6.1 Font defs for Latin Modern
))
(/usr/share/texlive/texmf-dist/tex/latex/psnfss/times.sty
Package: times 2020/03/25 PSNFSS-v9.3 (SPQR) 
)
(/usr/share/texlive/texmf-dist/tex/latex/geometry/geometry.sty
Package: geometry 2020/01/02 v5.9 Page Geometry

(/usr/share/texlive/texmf-dist/tex/latex/graphics/keyval.sty
Package: keyval 2022/05/29 v1.15 key=value parser (DPC)
\KV@toks@=\toks19
)
(/usr/share/texlive/texmf-dist/tex/generic/iftex/ifvtex.sty
Package: ifvtex 2019/10/25 v1.7 ifvtex legacy package. Use iftex instead.

(/usr/share/texlive/texmf-dist/tex/generic/iftex/iftex.sty
Package: iftex 2024/12/12 v1.0g TeX engine tests
))
\Gm@cnth=\count282
\Gm@cntv=\count283
\c@Gm@tempcnt=\count284
\Gm@bindingoffset=\dimen148
\Gm@wd@mp=\dimen149
\Gm@odd@mp=\dimen150
\Gm@even@mp=\dimen151
\Gm@layoutwidth=\dimen152
\Gm@layoutheight=\dimen153
\Gm@layouthoffset=\dimen154
\Gm@layoutvoffset=\dimen155
\Gm@dimlist=\toks20
)
(/usr/share/texlive/texmf-dist/tex/latex/graphics/graphicx.sty
Package: graphicx 2024/12/31 v1.2e Enhanced LaTeX Graphics (DPC,SPQR)

(/usr/share/texlive/texmf-dist/tex/latex/graphics/graphics.sty
Package: graphics 2024/08/06 v1.4g Standard LaTeX Graphics (DPC,SPQR)

(/usr/share/texlive/texmf-dist/tex/latex/graphics/trig.sty
Package: trig 2023/12/02 v1.11 sin cos tan (DPC)
)
(/usr/share/texlive/texmf-dist/tex/latex/graphics-cfg/graphics.cfg
File: graphics.cfg 2016/06/04 v1.11 sample graphics configuration
)
Package graphics Info: Driver file: luatex.def on input line 106.

(/usr/share/texlive/texmf-dist/tex/latex/graphics-def/luatex.def
File: luatex.def 2025/09/29 v1.2f Graphics/color driver for luatex
))
\Gin@req@height=\dimen156
\Gin@req@width=\dimen157
)
(/usr/share/texlive/texmf-dist/tex/latex/float/float.sty
Package: float 2001/11/08 v1.3d Float enhancements (AL)
\c@float@type=\count285
\float@exts=\toks21
\float@box=\box53
\@float@everytoks=\toks22
\@floatcapt=\box54
)
(/usr/share/texlive/texmf-dist/tex/latex/pgf/frontendlayer/tikz.sty
(/usr/share/texlive/texmf-dist/tex/latex/pgf/basiclayer/pgf.sty
(/usr/share/texlive/texmf-dist/tex/latex/pgf/utilities/pgfrcs.sty
(/usr/share/texlive/texmf-dist/tex/generic/pgf/utilities/pgfutil-common.tex
\pgfutil@everybye=\toks23
\pgfutil@tempdima=\dimen158
\pgfutil@tempdimb=\dimen159
)
(/usr/share/texlive/texmf-dist/tex/generic/pgf/utilities/pgfutil-latex.def
\pgfutil@abb=\box55
)
(/usr/share/texlive/texmf-dist/tex/generic/pgf/utilities/pgfrcs.code.tex
(/usr/share/texlive/texmf-dist/tex/generic/pgf/pgf.revision.tex)
Package: pgfrcs 2025-08-29 v3.1.11a (3.1.11a)
))
Package: pgf 2025-08-29 v3.1.11a (3.1.11a)

(/usr/share/texlive/texmf-dist/tex/latex/pgf/basiclayer/pgfcore.sty
(/usr/share/texlive/texmf-dist/tex/latex/pgf/systemlayer/pgfsys.sty
(/usr/share/texlive/texmf-dist/tex/generic/pgf/systemlayer/pgfsys.code.tex
Package: pgfsys 2025-08-29 v3.1.11a (3.1.11a)

(/usr/share/texlive/texmf-dist/tex/generic/pgf/utilities/pgfkeys.code.tex
\pgfkeys@pathtoks=\toks24
\pgfkeys@temptoks=\toks25

(/usr/share/texlive/texmf-dist/tex/generic/pgf/utilities/pgfkeyslibraryfiltered
.code.tex
\pgfkeys@tmptoks=\toks26
))
\pgf@x=\dimen160
\pgf@y=\dimen161
\pgf@xa=\dimen162
\pgf@ya=\dimen163
\pgf@xb=\dimen164
\pgf@yb=\dimen165
\pgf@xc=\dimen166
\pgf@yc=\dimen167
\pgf@xd=\dimen168
\pgf@yd=\dimen169
\w@pgf@writea=\write3
\r@pgf@reada=\read2
\c@pgf@counta=\count286
\c@pgf@countb=\count287
\c@pgf@countc=\count288
\c@pgf@countd=\count289
\t@pgf@toka=\toks27
\t@pgf@tokb=\toks28
\t@pgf@tokc=\toks29
\pgf@sys@id@count=\count290
 (/usr/share/texlive/texmf-dist/tex/generic/pgf/systemlayer/pgf.cfg
File: pgf.cfg 2025-08-29 v3.1.11a (3.1.11a)
)
Driver file for pgf: pgfsys-luatex.def
(/usr/share/texlive/texmf-dist/tex/generic/pgf/systemlayer/pgfsys-luatex.def
File: pgfsys-luatex.def 2025-08-29 v3.1.11a (3.1.11a)

(/usr/share/texlive/texmf-dist/tex/generic/pgf/systemlayer/pgfsys-common-pdf.de
f
File: pgfsys-common-pdf.def 2025-08-29 v3.1.11a (3.1.11a)
)))
(/usr/share/texlive/texmf-dist/tex/generic/pgf/systemlayer/pgfsyssoftpath.code.
tex
File: pgfsyssoftpath.code.tex 2025-08-29 v3.1.11a (3.1.11a)
\pgfsyssoftpath@smallbuffer@items=\count291
\pgfsyssoftpath@bigbuffer@items=\count292
)
(/usr/share/texlive/texmf-dist/tex/generic/pgf/systemlayer/pgfsysprotocol.code.
tex
File: pgfsysprotocol.code.tex 2025-08-29 v3.1.11a (3.1.11a)
)) (/usr/share/texlive/texmf-dist/tex/latex/xcolor/xcolor.sty
Package: xcolor 2024/09/29 v3.02 LaTeX color extensions (UK)

(/usr/share/texlive/texmf-dist/tex/latex/graphics-cfg/color.cfg
File: color.cfg 2016/01/02 v1.6 sample color configuration
)
Package xcolor Info: Driver file: luatex.def on input line 274.

(/usr/share/texlive/texmf-dist/tex/latex/graphics/mathcolor.ltx)
Package xcolor Info: Model `cmy' substituted by `cmy0' on input line 1349.
Package xcolor Info: Model `hsb' substituted by `rgb' on input line 1353.
Package xcolor Info: Model `RGB' extended on input line 1365.
Package xcolor Info: Model `HTML' substituted by `rgb' on input line 1367.
Package xcolor Info: Model `Hsb' substituted by `hsb' on input line 1368.
Package xcolor Info: Model `tHsb' substituted by `hsb' on input line 1369.
Package xcolor Info: Model `HSB' substituted by `hsb' on input line 1370.
Package xcolor Info: Model `Gray' substituted by `gray' on input line 1371.
Package xcolor Info: Model `wave' substituted by `hsb' on input line 1372.
)
(/usr/share/texlive/texmf-dist/tex/generic/pgf/basiclayer/pgfcore.code.tex
Package: pgfcore 2025-08-29 v3.1.11a (3.1.11a)

(/usr/share/texlive/texmf-dist/tex/generic/pgf/math/pgfmath.code.tex
(/usr/share/texlive/texmf-dist/tex/generic/pgf/math/pgfmathutil.code.tex)
(/usr/share/texlive/texmf-dist/tex/generic/pgf/math/pgfmathparser.code.tex
\pgfmath@dimen=\dimen170
\pgfmath@count=\count293
\pgfmath@box=\box56
\pgfmath@toks=\toks30
\pgfmath@stack@operand=\toks31
\pgfmath@stack@operation=\toks32
)
(/usr/share/texlive/texmf-dist/tex/generic/pgf/math/pgfmathfunctions.code.tex)
(/usr/share/texlive/texmf-dist/tex/generic/pgf/math/pgfmathfunctions.basic.code
.tex)
(/usr/share/texlive/texmf-dist/tex/generic/pgf/math/pgfmathfunctions.trigonomet
ric.code.tex)
(/usr/share/texlive/texmf-dist/tex/generic/pgf/math/pgfmathfunctions.random.cod
e.tex)
(/usr/share/texlive/texmf-dist/tex/generic/pgf/math/pgfmathfunctions.comparison
.code.tex)
(/usr/share/texlive/texmf-dist/tex/generic/pgf/math/pgfmathfunctions.base.code.
tex)
(/usr/share/texlive/texmf-dist/tex/generic/pgf/math/pgfmathfunctions.round.code
.tex)
(/usr/share/texlive/texmf-dist/tex/generic/pgf/math/pgfmathfunctions.misc.code.
tex)
(/usr/share/texlive/texmf-dist/tex/generic/pgf/math/pgfmathfunctions.integerari
thmetics.code.tex)
(/usr/share/texlive/texmf-dist/tex/generic/pgf/math/pgfmathcalc.code.tex)
(/usr/share/texlive/texmf-dist/tex/generic/pgf/math/pgfmathfloat.code.tex
\c@pgfmathroundto@lastzeros=\count294
))
(/usr/share/texlive/texmf-dist/tex/generic/pgf/math/pgfint.code.tex)
(/usr/share/texlive/texmf-dist/tex/generic/pgf/basiclayer/pgfcorepoints.code.te
x
File: pgfcorepoints.code.tex 2025-08-29 v3.1.11a (3.1.11a)
\pgf@picminx=\dimen171
\pgf@picmaxx=\dimen172
\pgf@picminy=\dimen173
\pgf@picmaxy=\dimen174
\pgf@pathminx=\dimen175
\pgf@pathmaxx=\dimen176
\pgf@pathminy=\dimen177
\pgf@pathmaxy=\dimen178
\pgf@xx=\dimen179
\pgf@xy=\dimen180
\pgf@yx=\dimen181
\pgf@yy=\dimen182
\pgf@zx=\dimen183
\pgf@zy=\dimen184
)
(/usr/share/texlive/texmf-dist/tex/generic/pgf/basiclayer/pgfcorepathconstruct.
code.tex
File: pgfcorepathconstruct.code.tex 2025-08-29 v3.1.11a (3.1.11a)
\pgf@path@lastx=\dimen185
\pgf@path@lasty=\dimen186
)
(/usr/share/texlive/texmf-dist/tex/generic/pgf/basiclayer/pgfcorepathusage.code
.tex
File: pgfcorepathusage.code.tex 2025-08-29 v3.1.11a (3.1.11a)
\pgf@shorten@end@additional=\dimen187
\pgf@shorten@start@additional=\dimen188
)
(/usr/share/texlive/texmf-dist/tex/generic/pgf/basiclayer/pgfcorescopes.code.te
x
File: pgfcorescopes.code.tex 2025-08-29 v3.1.11a (3.1.11a)
\pgfpic=\box57
\pgf@hbox=\box58
\pgf@layerbox@main=\box59
\pgf@picture@serial@count=\count295
)
(/usr/share/texlive/texmf-dist/tex/generic/pgf/basiclayer/pgfcoregraphicstate.c
ode.tex
File: pgfcoregraphicstate.code.tex 2025-08-29 v3.1.11a (3.1.11a)
\pgflinewidth=\dimen189
)
(/usr/share/texlive/texmf-dist/tex/generic/pgf/basiclayer/pgfcoretransformation
s.code.tex
File: pgfcoretransformations.code.tex 2025-08-29 v3.1.11a (3.1.11a)
\pgf@pt@x=\dimen190
\pgf@pt@y=\dimen191
\pgf@pt@temp=\dimen192
)
(/usr/share/texlive/texmf-dist/tex/generic/pgf/basiclayer/pgfcorequick.code.tex
File: pgfcorequick.code.tex 2025-08-29 v3.1.11a (3.1.11a)
)
(/usr/share/texlive/texmf-dist/tex/generic/pgf/basiclayer/pgfcoreobjects.code.t
ex
File: pgfcoreobjects.code.tex 2025-08-29 v3.1.11a (3.1.11a)
)
(/usr/share/texlive/texmf-dist/tex/generic/pgf/basiclayer/pgfcorepathprocessing
.code.tex
File: pgfcorepathprocessing.code.tex 2025-08-29 v3.1.11a (3.1.11a)
)
(/usr/share/texlive/texmf-dist/tex/generic/pgf/basiclayer/pgfcorearrows.code.te
x
File: pgfcorearrows.code.tex 2025-08-29 v3.1.11a (3.1.11a)
\pgfarrowsep=\dimen193
)
(/usr/share/texlive/texmf-dist/tex/generic/pgf/basiclayer/pgfcoreshade.code.tex
File: pgfcoreshade.code.tex 2025-08-29 v3.1.11a (3.1.11a)
\pgf@max=\dimen194
\pgf@sys@shading@range@num=\count296
\pgf@shadingcount=\count297
)
(/usr/share/texlive/texmf-dist/tex/generic/pgf/basiclayer/pgfcoreimage.code.tex
File: pgfcoreimage.code.tex 2025-08-29 v3.1.11a (3.1.11a)
)
(/usr/share/texlive/texmf-dist/tex/generic/pgf/basiclayer/pgfcoreexternal.code.
tex
File: pgfcoreexternal.code.tex 2025-08-29 v3.1.11a (3.1.11a)
\pgfexternal@startupbox=\box60
)
(/usr/share/texlive/texmf-dist/tex/generic/pgf/basiclayer/pgfcorelayers.code.te
x
File: pgfcorelayers.code.tex 2025-08-29 v3.1.11a (3.1.11a)
)
(/usr/share/texlive/texmf-dist/tex/generic/pgf/basiclayer/pgfcoretransparency.c
ode.tex
File: pgfcoretransparency.code.tex 2025-08-29 v3.1.11a (3.1.11a)
)
(/usr/share/texlive/texmf-dist/tex/generic/pgf/basiclayer/pgfcorepatterns.code.
tex
File: pgfcorepatterns.code.tex 2025-08-29 v3.1.11a (3.1.11a)
)
(/usr/share/texlive/texmf-dist/tex/generic/pgf/basiclayer/pgfcorerdf.code.tex
File: pgfcorerdf.code.tex 2025-08-29 v3.1.11a (3.1.11a)
)))
(/usr/share/texlive/texmf-dist/tex/generic/pgf/modules/pgfmoduleshapes.code.tex
File: pgfmoduleshapes.code.tex 2025-08-29 v3.1.11a (3.1.11a)
\pgfnodeparttextbox=\box61
) (/usr/share/texlive/texmf-dist/tex/generic/pgf/modules/pgfmoduleplot.code.tex
File: pgfmoduleplot.code.tex 2025-08-29 v3.1.11a (3.1.11a)
)
(/usr/share/texlive/texmf-dist/tex/latex/pgf/compatibility/pgfcomp-version-0-65
.sty
Package: pgfcomp-version-0-65 2025-08-29 v3.1.11a (3.1.11a)
\pgf@nodesepstart=\dimen195
\pgf@nodesepend=\dimen196
)
(/usr/share/texlive/texmf-dist/tex/latex/pgf/compatibility/pgfcomp-version-1-18
.sty
Package: pgfcomp-version-1-18 2025-08-29 v3.1.11a (3.1.11a)
)) (/usr/share/texlive/texmf-dist/tex/latex/pgf/utilities/pgffor.sty
(/usr/share/texlive/texmf-dist/tex/latex/pgf/utilities/pgfkeys.sty
(/usr/share/texlive/texmf-dist/tex/generic/pgf/utilities/pgfkeys.code.tex))
(/usr/share/texlive/texmf-dist/tex/latex/pgf/math/pgfmath.sty
(/usr/share/texlive/texmf-dist/tex/generic/pgf/math/pgfmath.code.tex))
(/usr/share/texlive/texmf-dist/tex/generic/pgf/utilities/pgffor.code.tex
Package: pgffor 2025-08-29 v3.1.11a (3.1.11a)
\pgffor@iter=\dimen197
\pgffor@skip=\dimen198
\pgffor@stack=\toks33
\pgffor@toks=\toks34
))
(/usr/share/texlive/texmf-dist/tex/generic/pgf/frontendlayer/tikz/tikz.code.tex
Package: tikz 2025-08-29 v3.1.11a (3.1.11a)

(/usr/share/texlive/texmf-dist/tex/generic/pgf/libraries/pgflibraryplothandlers
.code.tex
File: pgflibraryplothandlers.code.tex 2025-08-29 v3.1.11a (3.1.11a)
\pgf@plot@mark@count=\count298
\pgfplotmarksize=\dimen199
)
\tikz@lastx=\dimen256
\tikz@lasty=\dimen257
\tikz@lastxsaved=\dimen258
\tikz@lastysaved=\dimen259
\tikz@lastmovetox=\dimen260
\tikz@lastmovetoy=\dimen261
\tikzleveldistance=\dimen262
\tikzsiblingdistance=\dimen263
\tikz@figbox=\box62
\tikz@figbox@bg=\box63
\tikz@tempbox=\box64
\tikz@tempbox@bg=\box65
\tikztreelevel=\count299
\tikznumberofchildren=\count300
\tikznumberofcurrentchild=\count301
\tikz@fig@count=\count302

(/usr/share/texlive/texmf-dist/tex/generic/pgf/modules/pgfmodulematrix.code.tex
File: pgfmodulematrix.code.tex 2025-08-29 v3.1.11a (3.1.11a)
\pgfmatrixcurrentrow=\count303
\pgfmatrixcurrentcolumn=\count304
\pgf@matrix@numberofcolumns=\count305
)
\tikz@expandcount=\count306

(/usr/share/texlive/texmf-dist/tex/generic/pgf/frontendlayer/tikz/libraries/tik
zlibrarytopaths.code.tex
File: tikzlibrarytopaths.code.tex 2025-08-29 v3.1.11a (3.1.11a)
)))
(/usr/share/texlive/texmf-dist/tex/generic/pgf/frontendlayer/tikz/libraries/tik
zlibraryshapes.code.tex
File: tikzlibraryshapes.code.tex 2025-08-29 v3.1.11a (3.1.11a)

(/usr/share/texlive/texmf-dist/tex/generic/pgf/frontendlayer/tikz/libraries/tik
zlibraryshapes.geometric.code.tex
File: tikzlibraryshapes.geometric.code.tex 2025-08-29 v3.1.11a (3.1.11a)

(/usr/share/texlive/texmf-dist/tex/generic/pgf/libraries/shapes/pgflibraryshape
s.geometric.code.tex
File: pgflibraryshapes.geometric.code.tex 2025-08-29 v3.1.11a (3.1.11a)
))
(/usr/share/texlive/texmf-dist/tex/generic/pgf/frontendlayer/tikz/libraries/tik
zlibraryshapes.misc.code.tex
File: tikzlibraryshapes.misc.code.tex 2025-08-29 v3.1.11a (3.1.11a)

(/usr/share/texlive/texmf-dist/tex/generic/pgf/libraries/shapes/pgflibraryshape
s.misc.code.tex
File: pgflibraryshapes.misc.code.tex 2025-08-29 v3.1.11a (3.1.11a)
))
(/usr/share/texlive/texmf-dist/tex/generic/pgf/frontendlayer/tikz/libraries/tik
zlibraryshapes.symbols.code.tex
File: tikzlibraryshapes.symbols.code.tex 2025-08-29 v3.1.11a (3.1.11a)

(/usr/share/texlive/texmf-dist/tex/generic/pgf/libraries/shapes/pgflibraryshape
s.symbols.code.tex
File: pgflibraryshapes.symbols.code.tex 2025-08-29 v3.1.11a (3.1.11a)
))
(/usr/share/texlive/texmf-dist/tex/generic/pgf/frontendlayer/tikz/libraries/tik
zlibraryshapes.arrows.code.tex
File: tikzlibraryshapes.arrows.code.tex 2025-08-29 v3.1.11a (3.1.11a)

(/usr/share/texlive/texmf-dist/tex/generic/pgf/libraries/shapes/pgflibraryshape
s.arrows.code.tex
File: pgflibraryshapes.arrows.code.tex 2025-08-29 v3.1.11a (3.1.11a)
))
(/usr/share/texlive/texmf-dist/tex/generic/pgf/frontendlayer/tikz/libraries/tik
zlibraryshapes.callouts.code.tex
(/usr/share/texlive/texmf-dist/tex/generic/pgf/libraries/shapes/pgflibraryshape
s.callouts.code.tex))
(/usr/share/texlive/texmf-dist/tex/generic/pgf/frontendlayer/tikz/libraries/tik
zlibraryshapes.multipart.code.tex
File: tikzlibraryshapes.multipart.code.tex 2025-08-29 v3.1.11a (3.1.11a)

(/usr/share/texlive/texmf-dist/tex/generic/pgf/libraries/shapes/pgflibraryshape
s.multipart.code.tex
File: pgflibraryshapes.multipart.code.tex 2025-08-29 v3.1.11a (3.1.11a)
\pgfnodepartlowerbox=\box66
\pgfnodeparttwobox=\box67
\pgfnodepartthreebox=\box68
\pgfnodepartfourbox=\box69
\pgfnodeparttwentybox=\box70
\pgfnodepartnineteenbox=\box71
\pgfnodeparteighteenbox=\box72
\pgfnodepartseventeenbox=\box73
\pgfnodepartsixteenbox=\box74
\pgfnodepartfifteenbox=\box75
\pgfnodepartfourteenbox=\box76
\pgfnodepartthirteenbox=\box77
\pgfnodeparttwelvebox=\box78
\pgfnodepartelevenbox=\box79
\pgfnodeparttenbox=\box80
\pgfnodepartninebox=\box81
\pgfnodeparteightbox=\box82
\pgfnodepartsevenbox=\box83
\pgfnodepartsixbox=\box84
\pgfnodepartfivebox=\box85
)))
(/usr/share/texlive/texmf-dist/tex/generic/pgf/frontendlayer/tikz/libraries/tik
zlibraryarrows.code.tex
File: tikzlibraryarrows.code.tex 2025-08-29 v3.1.11a (3.1.11a)

(/usr/share/texlive/texmf-dist/tex/generic/pgf/libraries/pgflibraryarrows.code.
tex
File: pgflibraryarrows.code.tex 2025-08-29 v3.1.11a (3.1.11a)
\arrowsize=\dimen264
))
(/usr/share/texlive/texmf-dist/tex/generic/pgf/frontendlayer/tikz/libraries/tik
zlibrarypositioning.code.tex
File: tikzlibrarypositioning.code.tex 2025-08-29 v3.1.11a (3.1.11a)
)
(/usr/share/texlive/texmf-dist/tex/generic/pgf/frontendlayer/tikz/libraries/tik
zlibrarydecorations.pathreplacing.code.tex
(/usr/share/texlive/texmf-dist/tex/generic/pgf/frontendlayer/tikz/libraries/tik
zlibrarydecorations.code.tex
(/usr/share/texlive/texmf-dist/tex/generic/pgf/modules/pgfmoduledecorations.cod
e.tex
\pgfdecoratedcompleteddistance=\dimen265
\pgfdecoratedremainingdistance=\dimen266
\pgfdecoratedinputsegmentcompleteddistance=\dimen267
\pgfdecoratedinputsegmentremainingdistance=\dimen268
\pgf@decorate@distancetomove=\dimen269
\pgf@decorate@repeatstate=\count307
\pgfdecorationsegmentamplitude=\dimen270
\pgfdecorationsegmentlength=\dimen271
)
\tikz@lib@dec@box=\box86
)
(/usr/share/texlive/texmf-dist/tex/generic/pgf/libraries/decorations/pgflibrary
decorations.pathreplacing.code.tex))
(/usr/share/texlive/texmf-dist/tex/generic/pgf/frontendlayer/tikz/libraries/tik
zlibrarycalc.code.tex
File: tikzlibrarycalc.code.tex 2025-08-29 v3.1.11a (3.1.11a)
)
(/usr/share/texlive/texmf-dist/tex/generic/pgf/frontendlayer/tikz/libraries/tik
zlibraryfit.code.tex
File: tikzlibraryfit.code.tex 2025-08-29 v3.1.11a (3.1.11a)
)
(/usr/share/texlive/texmf-dist/tex/latex/booktabs/booktabs.sty
Package: booktabs 2020/01/12 v1.61803398 Publication quality tables
\heavyrulewidth=\dimen272
\lightrulewidth=\dimen273
\cmidrulewidth=\dimen274
\belowrulesep=\dimen275
\belowbottomsep=\dimen276
\aboverulesep=\dimen277
\abovetopsep=\dimen278
\cmidrulesep=\dimen279
\cmidrulekern=\dimen280
\defaultaddspace=\dimen281
\@cmidla=\count308
\@cmidlb=\count309
\@aboverulesep=\dimen282
\@belowrulesep=\dimen283
\@thisruleclass=\count310
\@lastruleclass=\count311
\@thisrulewidth=\dimen284
)
(/usr/share/texlive/texmf-dist/tex/latex/tools/longtable.sty
Package: longtable 2025-10-13 v4.24 Multi-page Table package (DPC)
\LTleft=\skip51
\LTright=\skip52
\LTpre=\skip53
\LTpost=\skip54
\LTchunksize=\count312
\LTcapwidth=\dimen285
\LT@head=\box87
\LT@firsthead=\box88
\LT@foot=\box89
\LT@lastfoot=\box90
\LT@gbox=\box91
\LT@cols=\count313
\LT@rows=\count314
\c@LT@tables=\count315
\c@LT@chunks=\count316
\LT@p@ftn=\toks35
)
(/usr/share/texlive/texmf-dist/tex/latex/tools/array.sty
Package: array 2025/09/25 v2.6n Tabular extension package (FMi)
\col@sep=\dimen286
\ar@mcellbox=\box92
\extrarowheight=\dimen287
\NC@list=\toks36
\extratabsurround=\skip55
\backup@length=\skip56
\ar@cellbox=\box93
)
(/usr/share/texlive/texmf-dist/tex/latex/multirow/multirow.sty
Package: multirow 2024/11/12 v2.9 Span multiple rows of a table
\multirow@colwidth=\skip57
\multirow@cntb=\count317
\multirow@dima=\skip58
\bigstrutjot=\dimen288
)
(/usr/share/texlive/texmf-dist/tex/latex/caption/caption.sty
Package: caption 2023/08/05 v3.6o Customizing captions (AR)

(/usr/share/texlive/texmf-dist/tex/latex/caption/caption3.sty
Package: caption3 2023/07/31 v2.4d caption3 kernel (AR)
\caption@tempdima=\dimen289
\captionmargin=\dimen290
\caption@leftmargin=\dimen291
\caption@rightmargin=\dimen292
\caption@width=\dimen293
\caption@indent=\dimen294
\caption@parindent=\dimen295
\caption@hangindent=\dimen296
Package caption Info: Standard document class detected.
)
\c@caption@flags=\count318
\c@continuedfloat=\count319
Package caption Info: float package is loaded.
Package caption Info: longtable package is loaded.

(/usr/share/texlive/texmf-dist/tex/latex/caption/ltcaption.sty
Package: ltcaption 2021/01/08 v1.4c longtable captions (AR)
))
(/usr/share/texlive/texmf-dist/tex/latex/hyperref/hyperref.sty
Package: hyperref 2025-07-12 v7.01o Hypertext links for LaTeX

(/usr/share/texlive/texmf-dist/tex/latex/kvsetkeys/kvsetkeys.sty
Package: kvsetkeys 2022-10-05 v1.19 Key value parser (HO)
)
(/usr/share/texlive/texmf-dist/tex/generic/kvdefinekeys/kvdefinekeys.sty
Package: kvdefinekeys 2019-12-19 v1.6 Define keys (HO)
)
(/usr/share/texlive/texmf-dist/tex/generic/pdfescape/pdfescape.sty
Package: pdfescape 2019/12/09 v1.15 Implements pdfTeX's escape features (HO)

(/usr/share/texlive/texmf-dist/tex/generic/ltxcmds/ltxcmds.sty
Package: ltxcmds 2023-12-04 v1.26 LaTeX kernel commands for general use (HO)
)
(/usr/share/texlive/texmf-dist/tex/generic/pdftexcmds/pdftexcmds.sty
Package: pdftexcmds 2020-06-27 v0.33 Utility functions of pdfTeX for LuaTeX (HO
)

(/usr/share/texlive/texmf-dist/tex/generic/infwarerr/infwarerr.sty
Package: infwarerr 2019/12/03 v1.5 Providing info/warning/error messages (HO)
)
Package pdftexcmds Info: \pdf@primitive is available.
Package pdftexcmds Info: \pdf@ifprimitive is available.
Package pdftexcmds Info: \pdfdraftmode found.
\pdftexcmds@toks=\toks37
))
(/usr/share/texlive/texmf-dist/tex/latex/hycolor/hycolor.sty
Package: hycolor 2020-01-27 v1.10 Color options for hyperref/bookmark (HO)
)
(/usr/share/texlive/texmf-dist/tex/latex/hyperref/nameref.sty
Package: nameref 2025-06-21 v2.57 Cross-referencing by name of section

(/usr/share/texlive/texmf-dist/tex/latex/refcount/refcount.sty
Package: refcount 2019/12/15 v3.6 Data extraction from label references (HO)
)
(/usr/share/texlive/texmf-dist/tex/generic/gettitlestring/gettitlestring.sty
Package: gettitlestring 2019/12/15 v1.6 Cleanup title references (HO)

(/usr/share/texlive/texmf-dist/tex/latex/kvoptions/kvoptions.sty
Package: kvoptions 2022-06-15 v3.15 Key value format for package options (HO)
))
\c@section@level=\count320
)
(/usr/share/texlive/texmf-dist/tex/latex/etoolbox/etoolbox.sty
Package: etoolbox 2025/10/02 v2.5m e-TeX tools for LaTeX (JAW)
\etb@tempcnta=\count321
)
(/usr/share/texlive/texmf-dist/tex/generic/stringenc/stringenc.sty
Package: stringenc 2019/11/29 v1.12 Convert strings between diff. encodings (HO
)
)
\@linkdim=\dimen297
\Hy@linkcounter=\count322
\Hy@pagecounter=\count323

(/usr/share/texlive/texmf-dist/tex/latex/hyperref/pd1enc.def
File: pd1enc.def 2025-07-12 v7.01o Hyperref: PDFDocEncoding definition (HO)
)
(/usr/share/texlive/texmf-dist/tex/generic/intcalc/intcalc.sty
Package: intcalc 2019/12/15 v1.3 Expandable calculations with integers (HO)
)
\Hy@SavedSpaceFactor=\count324

(/usr/share/texlive/texmf-dist/tex/latex/hyperref/puenc.def
File: puenc.def 2025-07-12 v7.01o Hyperref: PDF Unicode definition (HO)
)
Package hyperref Info: Hyper figures OFF on input line 4195.
Package hyperref Info: Link nesting OFF on input line 4200.
Package hyperref Info: Hyper index ON on input line 4203.
Package hyperref Info: Plain pages OFF on input line 4210.
Package hyperref Info: Backreferencing OFF on input line 4215.
Package hyperref Info: Implicit mode ON; LaTeX internals redefined.
Package hyperref Info: Bookmarks ON on input line 4462.
\c@Hy@tempcnt=\count325

(/usr/share/texlive/texmf-dist/tex/latex/url/url.sty
\Urlmuskip=\muskip17
Package: url 2013/09/16  ver 3.4  Verb mode for urls, etc.
)
LaTeX Info: Redefining \url on input line 4801.
\XeTeXLinkMargin=\dimen298

(/usr/share/texlive/texmf-dist/tex/generic/bitset/bitset.sty
Package: bitset 2019/12/09 v1.3 Handle bit-vector datatype (HO)

(/usr/share/texlive/texmf-dist/tex/generic/bigintcalc/bigintcalc.sty
Package: bigintcalc 2019/12/15 v1.5 Expandable calculations on big integers (HO
)
))
\Fld@menulength=\count326
\Field@Width=\dimen299
\Fld@charsize=\dimen300
Package hyperref Info: Hyper figures OFF on input line 6078.
Package hyperref Info: Link nesting OFF on input line 6083.
Package hyperref Info: Hyper index ON on input line 6086.
Package hyperref Info: backreferencing OFF on input line 6093.
Package hyperref Info: Link coloring OFF on input line 6098.
Package hyperref Info: Link coloring with OCG OFF on input line 6103.
Package hyperref Info: PDF/A mode OFF on input line 6108.
\Hy@abspage=\count327
\c@Item=\count328
\c@Hfootnote=\count329
)
Package hyperref Info: Driver (autodetected): hluatex.

(/usr/share/texlive/texmf-dist/tex/latex/hyperref/hluatex.def
File: hluatex.def 2025-07-12 v7.01o Hyperref driver for luaTeX
\Fld@listcount=\count330
\c@bookmark@seq@number=\count331

(/usr/share/texlive/texmf-dist/tex/latex/rerunfilecheck/rerunfilecheck.sty
Package: rerunfilecheck 2025-06-21 v1.11 Rerun checks for auxiliary files (HO)

(/usr/share/texlive/texmf-dist/tex/generic/uniquecounter/uniquecounter.sty
Package: uniquecounter 2019/12/15 v1.4 Provide unlimited unique counter (HO)
)
Package uniquecounter Info: New unique counter `rerunfilecheck' on input line 2
84.
)
\Hy@SectionHShift=\skip59
)
(/usr/share/texlive/texmf-dist/tex/latex/setspace/setspace.sty
Package: setspace 2022/12/04 v6.7b set line spacing
)
(/usr/share/texlive/texmf-dist/tex/latex/enumitem/enumitem.sty
Package: enumitem 2025/02/06 v3.11 Customized lists
\labelindent=\skip60
\enit@outerparindent=\dimen301
\enit@toks=\toks38
\enit@inbox=\box94
\enit@count@id=\count332
\enitdp@description=\count333
)
(/usr/share/texlive/texmf-dist/tex/latex/titlesec/titlesec.sty
Package: titlesec 2025/01/04 v2.17 Sectioning titles
\ttl@box=\box95
\beforetitleunit=\skip61
\aftertitleunit=\skip62
\ttl@plus=\dimen302
\ttl@minus=\dimen303
\ttl@toksa=\toks39
\titlewidth=\dimen304
\titlewidthlast=\dimen305
\titlewidthfirst=\dimen306
)
(/usr/share/texlive/texmf-dist/tex/latex/chngcntr/chngcntr.sty
Package: chngcntr 2018/04/09 v1.1a change counter resetting
Package chngcntr Info: \counterwithout already defined.
(chngcntr)             Quitting chngcntr on input line 21.
)
(/usr/share/texlive/texmf-dist/tex/latex/lipsum/lipsum.sty
(/usr/share/texlive/texmf-dist/tex/latex/l3packages/l3keys2e/l3keys2e.sty
(/usr/share/texlive/texmf-dist/tex/latex/l3kernel/expl3.sty
Package: expl3 2026-01-19 L3 programming layer (loader) 

(/usr/share/texlive/texmf-dist/tex/latex/l3backend/l3backend-luatex.def
File: l3backend-luatex.def 2025-10-09 L3 backend support: PDF output (LuaTeX)
\l__color_backend_stack_int=\count334
Inserting `l3color' in `luaotfload.parse_color'.))
Package: l3keys2e 2025-10-09 LaTeX2e option processing using LaTeX3 keys
)
Package: lipsum 2021-09-20 v2.7 150 paragraphs of Lorem Ipsum dummy text
\g__lipsum_par_int=\count335
\l__lipsum_a_int=\count336
\l__lipsum_b_int=\count337

(/usr/share/texlive/texmf-dist/tex/latex/lipsum/lipsum.ltd.tex))
(/usr/share/texlive/texmf-dist/tex/latex/fancyhdr/fancyhdr.sty
Package: fancyhdr 2025/02/07 v5.2 Extensive control of page headers and footers

\f@nch@headwidth=\skip63
\f@nch@offset@elh=\skip64
\f@nch@offset@erh=\skip65
\f@nch@offset@olh=\skip66
\f@nch@offset@orh=\skip67
\f@nch@offset@elf=\skip68
\f@nch@offset@erf=\skip69
\f@nch@offset@olf=\skip70
\f@nch@offset@orf=\skip71
\f@nch@height=\skip72
\f@nch@footalignment=\skip73
\f@nch@widthL=\skip74
\f@nch@widthC=\skip75
\f@nch@widthR=\skip76
\@temptokenb=\toks40
)
(/usr/share/texlive/texmf-dist/tex/latex/tools/indentfirst.sty
Package: indentfirst 2023/07/02 v1.03 Indent first paragraph (DPC)
)
(/usr/share/texlive/texmf-dist/tex/latex/psnfss/pifont.sty
Package: pifont 2020/03/25 PSNFSS-v9.3 Pi font support (SPQR) 
LaTeX Font Info:    Trying to load font information for U+pzd on input line 63.


(/usr/share/texlive/texmf-dist/tex/latex/psnfss/upzd.fd
File: upzd.fd 2001/06/04 font definitions for U/pzd.
)
LaTeX Font Info:    Trying to load font information for U+psy on input line 64.


(/usr/share/texlive/texmf-dist/tex/latex/psnfss/upsy.fd
File: upsy.fd 2001/06/04 font definitions for U/psy.
))
(/usr/share/texlive/texmf-dist/tex/latex/listings/listings.sty
\lst@mode=\count338
\lst@gtempboxa=\box96
\lst@token=\toks41
\lst@length=\count339
\lst@currlwidth=\dimen307
\lst@column=\count340
\lst@pos=\count341
\lst@lostspace=\dimen308
\lst@width=\dimen309
\lst@newlines=\count342
\lst@lineno=\count343
\lst@maxwidth=\dimen310

(/usr/share/texlive/texmf-dist/tex/latex/listings/lstpatch.sty
File: lstpatch.sty 2025/11/14 1.11b (Carsten Heinz)
)
(/usr/share/texlive/texmf-dist/tex/latex/listings/lstmisc.sty
File: lstmisc.sty 2025/11/14 1.11b (Carsten Heinz)
\c@lstnumber=\count344
\lst@skipnumbers=\count345
\lst@framebox=\box97
)
(/usr/share/texlive/texmf-dist/tex/latex/listings/listings.cfg
File: listings.cfg 2025/11/14 1.11b listings configuration
))
Package: listings 2025/11/14 1.11b (Carsten Heinz)

==> First Aid for listings.sty no longer applied!
    Expected:
        2024/09/23 1.10c (Carsten Heinz)
    but found:
        2025/11/14 1.11b (Carsten Heinz)
    so I'm assuming it got fixed.
(/usr/share/texlive/texmf-dist/tex/latex/tools/tabularx.sty
Package: tabularx 2023/12/11 v2.12a `tabularx' package (DPC)
\TX@col@width=\dimen311
\TX@old@table=\dimen312
\TX@old@col=\dimen313
\TX@target=\dimen314
\TX@delta=\dimen315
\TX@cols=\count346
\TX@ftn=\toks42
)
Package hyperref Info: Option `colorlinks' set `true' on input line 48.
LaTeX Font Info:    Trying to load font information for T1+ptm on input line 81
.

(/usr/share/texlive/texmf-dist/tex/latex/psnfss/t1ptm.fd
File: t1ptm.fd 2001/06/04 font definitions for T1/ptm.
) (./main.aux)
\openout1 = main.aux

LaTeX Font Info:    Checking defaults for OML/cmm/m/it on input line 81.
LaTeX Font Info:    ... okay on input line 81.
LaTeX Font Info:    Checking defaults for OMS/cmsy/m/n on input line 81.
LaTeX Font Info:    ... okay on input line 81.
LaTeX Font Info:    Checking defaults for OT1/cmr/m/n on input line 81.
LaTeX Font Info:    ... okay on input line 81.
LaTeX Font Info:    Checking defaults for T1/cmr/m/n on input line 81.
LaTeX Font Info:    ... okay on input line 81.
LaTeX Font Info:    Checking defaults for TS1/cmr/m/n on input line 81.
LaTeX Font Info:    ... okay on input line 81.
LaTeX Font Info:    Checking defaults for TU/lmr/m/n on input line 81.
LaTeX Font Info:    ... okay on input line 81.
LaTeX Font Info:    Checking defaults for OMX/cmex/m/n on input line 81.
LaTeX Font Info:    ... okay on input line 81.
LaTeX Font Info:    Checking defaults for U/cmr/m/n on input line 81.
LaTeX Font Info:    ... okay on input line 81.
LaTeX Font Info:    Checking defaults for PD1/pdf/m/n on input line 81.
LaTeX Font Info:    ... okay on input line 81.
LaTeX Font Info:    Checking defaults for PU/pdf/m/n on input line 81.
LaTeX Font Info:    ... okay on input line 81.

*geometry* driver: auto-detecting
*geometry* detected driver: luatex
*geometry* verbose mode - [ preamble ] result:
* driver: luatex
* paper: a4paper
* layout: <same size as paper>
* layoutoffset:(h,v)=(0.0pt,0.0pt)
* modes: 
* h-part:(L,W,R)=(71.13188pt, 455.24411pt, 71.13188pt)
* v-part:(T,H,B)=(85.35826pt, 674.33032pt, 85.35826pt)
* \paperwidth=597.50787pt
* \paperheight=845.04684pt
* \textwidth=455.24411pt
* \textheight=674.33032pt
* \oddsidemargin=-1.1381pt
* \evensidemargin=-1.1381pt
* \topmargin=-23.91173pt
* \headheight=12.0pt
* \headsep=25.0pt
* \topskip=12.0pt
* \footskip=30.0pt
* \marginparwidth=35.0pt
* \marginparsep=10.0pt
* \columnsep=10.0pt
* \skip\footins=10.8pt plus 4.0pt minus 2.0pt
* \hoffset=0.0pt
* \voffset=0.0pt
* \mag=1000
* \@twocolumnfalse
* \@twosidefalse
* \@mparswitchfalse
* \@reversemarginfalse
* (1in=72.27pt=25.4mm, 1cm=28.453pt)

(/usr/share/texlive/texmf-dist/tex/context/base/mkii/supp-pdf.mkii
[Loading MPS to PDF converter (version 2006.09.02).]
\scratchcounter=\count347
\scratchdimen=\dimen316
\scratchbox=\box98
\nofMPsegments=\count348
\nofMParguments=\count349
\everyMPshowfont=\toks43
\MPscratchCnt=\count350
\MPscratchDim=\dimen317
\MPnumerator=\count351
\makeMPintoPDFobject=\count352
\everyMPtoPDFconversion=\toks44
) (/usr/share/texlive/texmf-dist/tex/latex/epstopdf-pkg/epstopdf-base.sty
Package: epstopdf-base 2020-01-24 v2.11 Base part for package epstopdf
Package epstopdf-base Info: Redefining graphics rule for `.eps' on input line 4
85.

(/usr/share/texlive/texmf-dist/tex/latex/latexconfig/epstopdf-sys.cfg
File: epstopdf-sys.cfg 2010/07/13 v1.3 Configuration of (r)epstopdf for TeX Liv
e
))
Package caption Info: Begin \AtBeginDocument code.
Package caption Info: hyperref package is loaded.
Package caption Info: listings package is loaded.
Package caption Info: End \AtBeginDocument code.
Package hyperref Info: Link coloring ON on input line 81.

(./main.out) (./main.out)
\@outlinefile=\write4

\openout4 = main.out
\c@lstlisting=\count353
 [1

{/var/lib/texmf/fonts/map/pdftex/updmap/pdftex.map}]

Package fancyhdr Warning: \headheight is too small (12.0pt): 
(fancyhdr)                Make it at least 13.59999pt, for example:
(fancyhdr)                \setlength{\headheight}{13.59999pt}.
(fancyhdr)                You might also make \topmargin smaller:
(fancyhdr)                \addtolength{\topmargin}{-1.59999pt}.

[2]
Missing character: There is no — (U+2014) in font ptmr8t!
Missing character: There is no — (U+2014) in font ptmr8t!
Missing character: There is no — (U+2014) in font ptmr8t!
Missing character: There is no — (U+2014) in font ptmr8t!

warning  (pdf backend): ignoring duplicate destination with the name 'page.1'
[1


Missing character: There is no — (U+2014) in font ptmr8t!
Missing character: There is no — (U+2014) in font ptmr8t!
] (./main.toc
LaTeX Font Info:    External font `cmex10' loaded for size
(Font)              <12> on input line 3.
LaTeX Font Info:    External font `cmex10' loaded for size
(Font)              <8> on input line 3.
LaTeX Font Info:    External font `cmex10' loaded for size
(Font)              <6> on input line 3.

Missing character: There is no — (U+2014) in font ptmr8t!
Missing character: There is no — (U+2014) in font ptmr8t!

warning  (pdf backend): ignoring duplicate destination with the name 'page.2'
[2

]
Missing character: There is no — (U+2014) in font ptmr8t!
Missing character: There is no 🔥 (U+1F525) in font ptmr8t!
Missing character: There is no — (U+2014) in font ptmr8t!
Missing character: There is no 🔥 (U+1F525) in font ptmr8t!
Missing character: There is no — (U+2014) in font ptmr8t!
Missing character: There is no — (U+2014) in font ptmr8t!
)
\tf@toc=\write5

\openout5 = main.toc


Package fancyhdr Warning: \headheight is too small (12.0pt): 
(fancyhdr)                Make it at least 13.59999pt, for example:
(fancyhdr)                \setlength{\headheight}{13.59999pt}.
(fancyhdr)                You might also make \topmargin smaller:
(fancyhdr)                \addtolength{\topmargin}{-1.59999pt}.

[3
Missing character: There is no — (U+2014) in font ptmr8t!
Missing character: There is no — (U+2014) in font ptmr8t!
Missing character: There is no 🔥 (U+1F525) in font ptmr8t!
Missing character: There is no — (U+2014) in font ptmr8t!
] (./main.lof)
\tf@lof=\write6

\openout6 = main.lof
 [4

] (./main.lot
Missing character: There is no — (U+2014) in font ptmr8t!
Missing character: There is no — (U+2014) in font ptmr8t!
)
\tf@lot=\write7

\openout7 = main.lot
 [5


Missing character: There is no — (U+2014) in font ptmr8t!
]
Chapter 1.
Missing character: There is no — (U+2014) in font ptmr8t!
Missing character: There is no — (U+2014) in font ptmr8t!
[6


Missing character: There is no — (U+2014) in font ptmr8t!
]
Missing character: There is no — (U+2014) in font ptmr8t!
Missing character: There is no — (U+2014) in font ptmr8t!
Missing character: There is no — (U+2014) in font ptmr8t!
Missing character: There is no — (U+2014) in font ptmr8t!
Missing character: There is no — (U+2014) in font ptmr8t!
Missing character: There is no — (U+2014) in font ptmr8t!
Missing character: There is no — (U+2014) in font ptmr8t!
Missing character: There is no — (U+2014) in font ptmr8t!
Missing character: There is no — (U+2014) in font ptmr8t!
Missing character: There is no — (U+2014) in font ptmr8t!
Missing character: There is no — (U+2014) in font ptmr8t!
Missing character: There is no — (U+2014) in font ptmr8t!

Package fancyhdr Warning: \headheight is too small (12.0pt): 
(fancyhdr)                Make it at least 13.59999pt, for example:
(fancyhdr)                \setlength{\headheight}{13.59999pt}.
(fancyhdr)                You might also make \topmargin smaller:
(fancyhdr)                \addtolength{\topmargin}{-1.59999pt}.

[7
Missing character: There is no — (U+2014) in font ptmr8t!
Missing character: There is no — (U+2014) in font ptmr8t!
Missing character: There is no — (U+2014) in font ptmr8t!
Missing character: There is no — (U+2014) in font ptmr8t!
Missing character: There is no — (U+2014) in font ptmr8t!
Missing character: There is no — (U+2014) in font ptmr8t!
]

Package fancyhdr Warning: \headheight is too small (12.0pt): 
(fancyhdr)                Make it at least 13.59999pt, for example:
(fancyhdr)                \setlength{\headheight}{13.59999pt}.
(fancyhdr)                You might also make \topmargin smaller:
(fancyhdr)                \addtolength{\topmargin}{-1.59999pt}.

[8]
Chapter 2.
Missing character: There is no — (U+2014) in font ptmr8t!
Missing character: There is no — (U+2014) in font ptmr8t!
Missing character: There is no — (U+2014) in font ptmr8t!
Missing character: There is no — (U+2014) in font ptmr8t!
Missing character: There is no — (U+2014) in font ptmr8t!
Missing character: There is no — (U+2014) in font ptmr8t!
[9


Missing character: There is no — (U+2014) in font ptmr8t!
Missing character: There is no — (U+2014) in font ptmr8t!
Missing character: There is no — (U+2014) in font ptmr8t!
Missing character: There is no ; (U+003B) in font nullfont!
]
LaTeX Font Info:    Trying to load font information for TS1+ptm on input line 2
80.
 (/usr/share/texlive/texmf-dist/tex/latex/psnfss/ts1ptm.fd
File: ts1ptm.fd 2001/06/04 font definitions for TS1/ptm.
)

Package fancyhdr Warning: \headheight is too small (12.0pt): 
(fancyhdr)                Make it at least 13.59999pt, for example:
(fancyhdr)                \setlength{\headheight}{13.59999pt}.
(fancyhdr)                You might also make \topmargin smaller:
(fancyhdr)                \addtolength{\topmargin}{-1.59999pt}.

[10]
Underfull \hbox (badness 1924) in paragraph at lines 342--343
[]|\T1/ptm/m/n/12 Tinggi (tanpa kon-tak lang-
 []

Missing character: There is no ∼ (U+223C) in font ptmr8t!
Missing character: There is no ∼ (U+223C) in font ptmr8t!
Missing character: There is no ∼ (U+223C) in font ptmr8t!
Missing character: There is no ∼ (U+223C) in font ptmr8t!

Underfull \hbox (badness 10000) in paragraph at lines 350--350
[]|\T1/ptm/m/n/12 Ke-sesua-ian Jangka
 []

Missing character: There is no — (U+2014) in font ptmr8t!
Missing character: There is no — (U+2014) in font ptmr8t!
Missing character: There is no — (U+2014) in font ptmr8t!
Missing character: There is no — (U+2014) in font ptmr8t!
Missing character: There is no — (U+2014) in font ptmr8t!
Missing character: There is no — (U+2014) in font ptmr8t!

Package fancyhdr Warning: \headheight is too small (12.0pt): 
(fancyhdr)                Make it at least 13.59999pt, for example:
(fancyhdr)                \setlength{\headheight}{13.59999pt}.
(fancyhdr)                You might also make \topmargin smaller:
(fancyhdr)                \addtolength{\topmargin}{-1.59999pt}.

[11
Missing character: There is no ∼ (U+223C) in font ptmr8t!
Missing character: There is no ∼ (U+223C) in font ptmr8t!
Missing character: There is no — (U+2014) in font ptmr8t!
Missing character: There is no — (U+2014) in font ptmr8t!
Missing character: There is no — (U+2014) in font ptmr8t!
]

Package fancyhdr Warning: \headheight is too small (12.0pt): 
(fancyhdr)                Make it at least 13.59999pt, for example:
(fancyhdr)                \setlength{\headheight}{13.59999pt}.
(fancyhdr)                You might also make \topmargin smaller:
(fancyhdr)                \addtolength{\topmargin}{-1.59999pt}.

[12]

Package fancyhdr Warning: \headheight is too small (12.0pt): 
(fancyhdr)                Make it at least 13.59999pt, for example:
(fancyhdr)                \setlength{\headheight}{13.59999pt}.
(fancyhdr)                You might also make \topmargin smaller:
(fancyhdr)                \addtolength{\topmargin}{-1.59999pt}.

[13]
Missing character: There is no — (U+2014) in font ptmr8t!
Missing character: There is no — (U+2014) in font ptmr8t!
Missing character: There is no — (U+2014) in font ptmr8t!
Missing character: There is no — (U+2014) in font ptmr8t!
Missing character: There is no — (U+2014) in font ptmr8t!
Missing character: There is no — (U+2014) in font ptmr8t!
Missing character: There is no — (U+2014) in font ptmr8t!
Missing character: There is no — (U+2014) in font ptmr8t!
Missing character: There is no — (U+2014) in font ptmr8t!
Missing character: There is no — (U+2014) in font ptmr8t!

Package fancyhdr Warning: \headheight is too small (12.0pt): 
(fancyhdr)                Make it at least 13.59999pt, for example:
(fancyhdr)                \setlength{\headheight}{13.59999pt}.
(fancyhdr)                You might also make \topmargin smaller:
(fancyhdr)                \addtolength{\topmargin}{-1.59999pt}.

[14
Missing character: There is no — (U+2014) in font ptmr8t!
Missing character: There is no — (U+2014) in font ptmr8t!
Missing character: There is no — (U+2014) in font ptmr8t!
Missing character: There is no — (U+2014) in font ptmr8t!
Missing character: There is no — (U+2014) in font ptmr8t!
]
Missing character: There is no ≈ (U+2248) in font ptmr8t!
Missing character: There is no ≈ (U+2248) in font ptmr8t!
Missing character: There is no — (U+2014) in font ptmr8t!
Missing character: There is no — (U+2014) in font ptmr8t!
LaTeX Font Info:    External font `cmex10' loaded for size
(Font)              <7> on input line 491.
LaTeX Font Info:    External font `cmex10' loaded for size
(Font)              <5> on input line 491.
Missing character: There is no — (U+2014) in font ptmr8t!
Missing character: There is no ∼ (U+223C) in font ptmr8t!
Missing character: There is no — (U+2014) in font ptmr8t!
Missing character: There is no ∼ (U+223C) in font ptmr8t!
Missing character: There is no — (U+2014) in font ptmr8t!
Missing character: There is no — (U+2014) in font ptmr8t!
Missing character: There is no — (U+2014) in font ptmr8t!
Missing character: There is no — (U+2014) in font ptmr8t!
Missing character: There is no — (U+2014) in font ptmr8t!
Missing character: There is no — (U+2014) in font ptmr8t!
Missing character: There is no — (U+2014) in font ptmr8t!
Missing character: There is no — (U+2014) in font ptmr8t!
Missing character: There is no 🔥 (U+1F525) in font ptmb8t!
Missing character: There is no 🔥 (U+1F525) in font ptmb8t!
Missing character: There is no ✅ (U+2705) in font ptmr8t!
Missing character: There is no ✅ (U+2705) in font ptmr8t!
Missing character: There is no ✅ (U+2705) in font ptmr8t!
Missing character: There is no ✅ (U+2705) in font ptmr8t!
Missing character: There is no ✅ (U+2705) in font ptmb8t!
Missing character: There is no ✅ (U+2705) in font ptmb8t!
Missing character: There is no ⚠ (U+26A0) in font ptmr8t!
Missing character: There is no ️ (U+FE0F) in font ptmr8t!
Missing character: There is no ⚠ (U+26A0) in font ptmr8t!
Missing character: There is no ️ (U+FE0F) in font ptmr8t!
Missing character: There is no 🔥 (U+1F525) in font ptmb8t!
Missing character: There is no 🔥 (U+1F525) in font ptmb8t!
Missing character: There is no ✅ (U+2705) in font ptmr8t!
Missing character: There is no ✅ (U+2705) in font ptmr8t!
Missing character: There is no ✅ (U+2705) in font ptmr8t!
Missing character: There is no ✅ (U+2705) in font ptmr8t!
Missing character: There is no ✅ (U+2705) in font ptmb8t!
Missing character: There is no ✅ (U+2705) in font ptmb8t!
Missing character: There is no ⚠ (U+26A0) in font ptmr8t!
Missing character: There is no ️ (U+FE0F) in font ptmr8t!
Missing character: There is no ⚠ (U+26A0) in font ptmr8t!
Missing character: There is no ️ (U+FE0F) in font ptmr8t!
Missing character: There is no 🔥 (U+1F525) in font ptmb8t!
Missing character: There is no 🔥 (U+1F525) in font ptmb8t!

Underfull \hbox (badness 5832) in paragraph at lines 517--517
[]|\T1/ptm/m/n/12 Mem-buka/menutup ali-ran (grav-i-
 []

Missing character: There is no ✅ (U+2705) in font ptmr8t!
Missing character: There is no ✅ (U+2705) in font ptmr8t!
Missing character: There is no ✅ (U+2705) in font ptmr8t!
Missing character: There is no ✅ (U+2705) in font ptmr8t!
Missing character: There is no ✅ (U+2705) in font ptmb8t!
Missing character: There is no ✅ (U+2705) in font ptmb8t!
Missing character: There is no ⚠ (U+26A0) in font ptmr8t!
Missing character: There is no ️ (U+FE0F) in font ptmr8t!
Missing character: There is no ⚠ (U+26A0) in font ptmr8t!
Missing character: There is no ️ (U+FE0F) in font ptmr8t!

Package fancyhdr Warning: \headheight is too small (12.0pt): 
(fancyhdr)                Make it at least 13.59999pt, for example:
(fancyhdr)                \setlength{\headheight}{13.59999pt}.
(fancyhdr)                You might also make \topmargin smaller:
(fancyhdr)                \addtolength{\topmargin}{-1.59999pt}.

[15
Missing character: There is no ≈ (U+2248) in font ptmr8t!
Missing character: There is no — (U+2014) in font ptmr8t!
Missing character: There is no — (U+2014) in font ptmr8t!
Missing character: There is no ∼ (U+223C) in font ptmr8t!
Missing character: There is no — (U+2014) in font ptmr8t!
Missing character: There is no — (U+2014) in font ptmr8t!
Missing character: There is no — (U+2014) in font ptmr8t!
Missing character: There is no — (U+2014) in font ptmr8t!
]
Missing character: There is no — (U+2014) in font ptmr8t!
Missing character: There is no — (U+2014) in font ptmr8t!

Package fancyhdr Warning: \headheight is too small (12.0pt): 
(fancyhdr)                Make it at least 13.59999pt, for example:
(fancyhdr)                \setlength{\headheight}{13.59999pt}.
(fancyhdr)                You might also make \topmargin smaller:
(fancyhdr)                \addtolength{\topmargin}{-1.59999pt}.

[16
Missing character: There is no 🔥 (U+1F525) in font ptmb8t!
Missing character: There is no ✅ (U+2705) in font ptmr8t!
Missing character: There is no ✅ (U+2705) in font ptmr8t!
Missing character: There is no ✅ (U+2705) in font ptmb8t!
Missing character: There is no ⚠ (U+26A0) in font ptmr8t!
Missing character: There is no ️ (U+FE0F) in font ptmr8t!
Missing character: There is no — (U+2014) in font ptmr8t!
]
Missing character: There is no — (U+2014) in font ptmr8t!
Missing character: There is no — (U+2014) in font ptmr8t!
Missing character: There is no — (U+2014) in font ptmr8t!
Missing character: There is no — (U+2014) in font ptmr8t!
Missing character: There is no — (U+2014) in font ptmr8t!
Missing character: There is no — (U+2014) in font ptmr8t!
Missing character: There is no — (U+2014) in font ptmr8t!
Missing character: There is no — (U+2014) in font ptmr8t!
Missing character: There is no — (U+2014) in font ptmr8t!
Missing character: There is no — (U+2014) in font ptmr8t!
Missing character: There is no — (U+2014) in font ptmr8t!
Missing character: There is no — (U+2014) in font ptmr8t!

Underfull \hbox (badness 10000) in paragraph at lines 587--588
[]|\T1/ptm/m/n/12 Re-quest/Re-
 []


Underfull \hbox (badness 10000) in paragraph at lines 590--591
[]|\T1/ptm/m/n/12 **Ren-dah**
 []


Underfull \hbox (badness 10000) in paragraph at lines 592--593
[]|\T1/ptm/m/n/12 **Rp 0**
 []


Overfull \hbox (19.54721pt too wide) in paragraph at lines 583--597
 [][] 
 []


Package fancyhdr Warning: \headheight is too small (12.0pt): 
(fancyhdr)                Make it at least 13.59999pt, for example:
(fancyhdr)                \setlength{\headheight}{13.59999pt}.
(fancyhdr)                You might also make \topmargin smaller:
(fancyhdr)                \addtolength{\topmargin}{-1.59999pt}.

[17
Missing character: There is no — (U+2014) in font ptmr8t!
Missing character: There is no — (U+2014) in font ptmr8t!
Missing character: There is no — (U+2014) in font ptmr8t!
Missing character: There is no — (U+2014) in font ptmr8t!
Missing character: There is no — (U+2014) in font ptmr8t!
Missing character: There is no — (U+2014) in font ptmr8t!
]
Missing character: There is no — (U+2014) in font ptmr8t!
Missing character: There is no — (U+2014) in font ptmr8t!

Package fancyhdr Warning: \headheight is too small (12.0pt): 
(fancyhdr)                Make it at least 13.59999pt, for example:
(fancyhdr)                \setlength{\headheight}{13.59999pt}.
(fancyhdr)                You might also make \topmargin smaller:
(fancyhdr)                \addtolength{\topmargin}{-1.59999pt}.

[18
Missing character: There is no — (U+2014) in font ptmr8t!
]
Underfull \hbox (badness 10000) in paragraph at lines 669--669
[]|\T1/ptm/m/n/12 Kon-trol Jarak
 []


Underfull \hbox (badness 10000) in paragraph at lines 670--670
[]|\T1/ptm/m/n/12 Bi-aya Op-era-
 []


Underfull \hbox (badness 10000) in paragraph at lines 672--672
[]|\T1/ptm/m/n/12 Pre-sisi Penyi-ra-
 []


Underfull \hbox (badness 10000) in paragraph at lines 673--673
[]|\T1/ptm/m/n/12 Dampak Ke-se-
 []


Package fancyhdr Warning: \headheight is too small (12.0pt): 
(fancyhdr)                Make it at least 13.59999pt, for example:
(fancyhdr)                \setlength{\headheight}{13.59999pt}.
(fancyhdr)                You might also make \topmargin smaller:
(fancyhdr)                \addtolength{\topmargin}{-1.59999pt}.

[19]
Chapter 3.

! LaTeX Error: Not allowed in LR mode.

See the LaTeX manual or LaTeX Companion for explanation.
Type  H <return>  for immediate help.
 ...                                              
                                                  
l.698 ...r) [block, fill=orange!20] {Capacitive\\S
                                                  oil Sensor};
You've lost some text.  Try typing  <return>  to proceed.
If that doesn't work, type  X <return>  to quit.


! LaTeX Error: Not allowed in LR mode.

See the LaTeX manual or LaTeX Companion for explanation.
Type  H <return>  for immediate help.
 ...                                              
                                                  
l.699 ...ill=red!20, right=of sensor] {Solenoid\\V
                                                  alve 12V NC};
You've lost some text.  Try typing  <return>  to proceed.
If that doesn't work, type  X <return>  to quit.


! LaTeX Error: Not allowed in LR mode.

See the LaTeX manual or LaTeX Companion for explanation.
Type  H <return>  for immediate help.
 ...                                              
                                                  
l.700 ...=yellow!20, right=of valve] {LCD / LED\\I
                                                  ndikator};
You've lost some text.  Try typing  <return>  to proceed.
If that doesn't work, type  X <return>  to quit.


! LaTeX Error: Not allowed in LR mode.

See the LaTeX manual or LaTeX Companion for explanation.
Type  H <return>  for immediate help.
 ...                                              
                                                  
l.703 ....5cm of sensor, xshift=2.5cm] {ESP32 \\ (
                                                  Mikrokontroler)};
You've lost some text.  Try typing  <return>  to proceed.
If that doesn't work, type  X <return>  to quit.


! LaTeX Error: Not allowed in LR mode.

See the LaTeX manual or LaTeX Companion for explanation.
Type  H <return>  for immediate help.
 ...                                              
                                                  
l.709 ...=4cm, below=1.2cm of wifi] {Supabase \\ (
                                                  Backend-as-a-Service) \\ P...
You've lost some text.  Try typing  <return>  to proceed.
If that doesn't work, type  X <return>  to quit.


! LaTeX Error: Not allowed in LR mode.

See the LaTeX manual or LaTeX Companion for explanation.
Type  H <return>  for immediate help.
 ...                                              
                                                  
l.709 ... {Supabase \\ (Backend-as-a-Service) \\ P
                                                  ostgreSQL + REST API};
You've lost some text.  Try typing  <return>  to proceed.
If that doesn't work, type  X <return>  to quit.

Missing character: There is no — (U+2014) in font ptmr8t!
Missing character: There is no — (U+2014) in font ptmr8t!
Missing character: There is no — (U+2014) in font ptmr8t!
Missing character: There is no — (U+2014) in font ptmr8t!
Missing character: There is no — (U+2014) in font ptmr8t!
Missing character: There is no — (U+2014) in font ptmr8t!
[20


Missing character: There is no ; (U+003B) in font nullfont!
Missing character: There is no ; (U+003B) in font nullfont!
Missing character: There is no ; (U+003B) in font nullfont!
Missing character: There is no — (U+2014) in font ptmr8t!
Missing character: There is no — (U+2014) in font ptmr8t!
]
Missing character: There is no — (U+2014) in font ptmr8t!
Missing character: There is no — (U+2014) in font ptmr8t!
Missing character: There is no — (U+2014) in font ptmr8t!
Missing character: There is no — (U+2014) in font ptmr8t!
Missing character: There is no — (U+2014) in font ptmr8t!
Missing character: There is no — (U+2014) in font ptmr8t!
Missing character: There is no — (U+2014) in font ptmr8t!
Missing character: There is no — (U+2014) in font ptmr8t!
Missing character: There is no — (U+2014) in font ptmr8t!
Missing character: There is no — (U+2014) in font ptmr8t!
Missing character: There is no — (U+2014) in font ptmr8t!
Missing character: There is no — (U+2014) in font ptmr8t!
Missing character: There is no — (U+2014) in font ptmr8t!
Missing character: There is no — (U+2014) in font ptmr8t!
Missing character: There is no — (U+2014) in font ptmr8t!
Missing character: There is no — (U+2014) in font ptmr8t!
Missing character: There is no — (U+2014) in font ptmr8t!
Missing character: There is no — (U+2014) in font ptmr8t!
Missing character: There is no — (U+2014) in font ptmr8t!
Missing character: There is no — (U+2014) in font ptmr8t!
Missing character: There is no — (U+2014) in font ptmb8t!
Missing character: There is no — (U+2014) in font ptmb8t!

Overfull \hbox (5.79234pt too wide) in paragraph at lines 754--755
[]\T1/ptm/m/n/12 Proyek AN-DROMEDA meng-gu-nakan \T1/ptm/b/n/12 Su-pabase \T1/p
tm/m/n/12 se-ba-gai \T1/ptm/m/it/12 Backend-as-a-Service \T1/ptm/m/n/12 yang men
an-
 []

Missing character: There is no — (U+2014) in font ptmr8t!
Missing character: There is no — (U+2014) in font ptmr8t!
Missing character: There is no — (U+2014) in font ptmr8t!
Missing character: There is no — (U+2014) in font ptmr8t!
Missing character: There is no — (U+2014) in font ptmr8t!
Missing character: There is no — (U+2014) in font ptmr8t!
Missing character: There is no — (U+2014) in font ptmr8t!
Missing character: There is no — (U+2014) in font ptmr8t!
Missing character: There is no — (U+2014) in font ptmr8t!
Missing character: There is no — (U+2014) in font ptmr8t!

Overfull \hbox (19.53262pt too wide) in paragraph at lines 764--765
[]\T1/ptm/m/n/12 Su-pabase memi-liki \T1/ptm/b/n/12 tingkat gratis (Free Tier) 
\T1/ptm/m/n/12 yang san-gat cukup un-tuk proyek AN-DROMEDA:
 []


Package fancyhdr Warning: \headheight is too small (12.0pt): 
(fancyhdr)                Make it at least 13.59999pt, for example:
(fancyhdr)                \setlength{\headheight}{13.59999pt}.
(fancyhdr)                You might also make \topmargin smaller:
(fancyhdr)                \addtolength{\topmargin}{-1.59999pt}.

[21
Missing character: There is no — (U+2014) in font ptmr8t!
Missing character: There is no — (U+2014) in font ptmr8t!
Missing character: There is no — (U+2014) in font ptmr8t!
Missing character: There is no — (U+2014) in font ptmr8t!
Missing character: There is no — (U+2014) in font ptmr8t!
Missing character: There is no — (U+2014) in font ptmr8t!
Missing character: There is no — (U+2014) in font ptmr8t!
Missing character: There is no — (U+2014) in font ptmr8t!
Missing character: There is no — (U+2014) in font ptmr8t!
Missing character: There is no — (U+2014) in font ptmr8t!
Missing character: There is no — (U+2014) in font ptmr8t!
Missing character: There is no — (U+2014) in font ptmb8t!
Missing character: There is no — (U+2014) in font ptmr8t!
Missing character: There is no — (U+2014) in font ptmr8t!
Missing character: There is no — (U+2014) in font ptmr8t!
Missing character: There is no — (U+2014) in font ptmr8t!
Missing character: There is no — (U+2014) in font ptmr8t!
]
Missing character: There is no ✅ (U+2705) in font ptmr8t!
Missing character: There is no ✅ (U+2705) in font ptmr8t!
Missing character: There is no ✅ (U+2705) in font ptmr8t!
Missing character: There is no ✅ (U+2705) in font ptmr8t!

Package fancyhdr Warning: \headheight is too small (12.0pt): 
(fancyhdr)                Make it at least 13.59999pt, for example:
(fancyhdr)                \setlength{\headheight}{13.59999pt}.
(fancyhdr)                You might also make \topmargin smaller:
(fancyhdr)                \addtolength{\topmargin}{-1.59999pt}.

[22
Missing character: There is no ✅ (U+2705) in font ptmr8t!
Missing character: There is no ✅ (U+2705) in font ptmr8t!
]
Missing character: There is no — (U+2014) in font ptmb8t!
Missing character: There is no 🔥 (U+1F525) in font ptmb8t!
Missing character: There is no — (U+2014) in font ptmb8t!
Missing character: There is no 🔥 (U+1F525) in font ptmb8t!
Missing character: There is no ✅ (U+2705) in font ptmr8t!
Missing character: There is no ✅ (U+2705) in font ptmr8t!
Missing character: There is no ✅ (U+2705) in font ptmr8t!
Missing character: There is no ✅ (U+2705) in font ptmr8t!
Missing character: There is no ✅ (U+2705) in font ptmr8t!
Missing character: There is no 🔥 (U+1F525) in font ptmr8t!
Missing character: There is no ⚠ (U+26A0) in font ptmr8t!
Missing character: There is no ️ (U+FE0F) in font ptmr8t!
Missing character: There is no ⚠ (U+26A0) in font ptmr8t!
Missing character: There is no ️ (U+FE0F) in font ptmr8t!
Missing character: There is no ✅ (U+2705) in font ptmb8t!
Missing character: There is no ✅ (U+2705) in font ptmr8t!
Missing character: There is no ✅ (U+2705) in font ptmb8t!
Missing character: There is no ✅ (U+2705) in font ptmr8t!
Missing character: There is no ✅ (U+2705) in font ptmr8t!
Missing character: There is no ✅ (U+2705) in font ptmb8t!
Missing character: There is no ✅ (U+2705) in font ptmr8t!
Missing character: There is no ✅ (U+2705) in font ptmr8t!
Missing character: There is no ✅ (U+2705) in font ptmb8t!
Missing character: There is no 🔥 (U+1F525) in font ptmr8t!
Missing character: There is no ✅ (U+2705) in font ptmr8t!
Missing character: There is no ✅ (U+2705) in font ptmr8t!
Missing character: There is no ✅ (U+2705) in font ptmr8t!
Missing character: There is no 🔥 (U+1F525) in font ptmr8t!
Missing character: There is no ⚠ (U+26A0) in font ptmr8t!
Missing character: There is no ️ (U+FE0F) in font ptmr8t!
Missing character: There is no ⚠ (U+26A0) in font ptmr8t!
Missing character: There is no ️ (U+FE0F) in font ptmr8t!
Missing character: There is no ✅ (U+2705) in font ptmb8t!
Missing character: There is no ✅ (U+2705) in font ptmr8t!
Missing character: There is no ✅ (U+2705) in font ptmb8t!
Missing character: There is no ✅ (U+2705) in font ptmr8t!
Missing character: There is no ✅ (U+2705) in font ptmr8t!
Missing character: There is no ✅ (U+2705) in font ptmb8t!
Missing character: There is no ✅ (U+2705) in font ptmr8t!
Missing character: There is no ✅ (U+2705) in font ptmr8t!
Missing character: There is no ✅ (U+2705) in font ptmb8t!
Missing character: There is no 🔥 (U+1F525) in font ptmr8t!

Underfull \hbox (badness 10000) in paragraph at lines 838--838
[]|\T1/ptm/b/n/12 Pa-
 []


Overfull \hbox (3.75333pt too wide) in paragraph at lines 838--838
[]|\T1/ptm/m/n/12 Harga
 []


Underfull \hbox (badness 10000) in paragraph at lines 838--838
[]|\T1/ptm/m/n/12 Bi-
 []


Underfull \hbox (badness 10000) in paragraph at lines 838--838
\T1/ptm/m/n/12 aya
 []


Underfull \hbox (badness 10000) in paragraph at lines 838--838
\T1/ptm/m/n/12 Bu-
 []


Overfull \hbox (0.70514pt too wide) in paragraph at lines 838--838
\T1/ptm/m/n/12 lanan| 
 []

Missing character: There is no ✅ (U+2705) in font ptmr8t!
Missing character: There is no ✅ (U+2705) in font ptmr8t!
Missing character: There is no ✅ (U+2705) in font ptmr8t!
Missing character: There is no 🔥 (U+1F525) in font ptmr8t!

Underfull \hbox (badness 10000) in paragraph at lines 838--838
[]|\T1/ptm/m/n/12 Co-
 []


Underfull \hbox (badness 10000) in paragraph at lines 838--838
\T1/ptm/m/n/12 cok
 []


Underfull \hbox (badness 10000) in paragraph at lines 838--838
\T1/ptm/m/n/12 Aki
 []


Overfull \hbox (0.70529pt too wide) in paragraph at lines 838--838
\T1/ptm/m/n/12 12V?| 
 []

Missing character: There is no ⚠ (U+26A0) in font ptmr8t!
Missing character: There is no ️ (U+FE0F) in font ptmr8t!
Missing character: There is no ⚠ (U+26A0) in font ptmr8t!
Missing character: There is no ️ (U+FE0F) in font ptmr8t!
Missing character: There is no ✅ (U+2705) in font ptmb8t!

Underfull \hbox (badness 10000) in paragraph at lines 838--838
[]|\T1/ptm/m/n/12 An-
 []


Underfull \hbox (badness 10000) in paragraph at lines 838--838
\T1/ptm/m/n/12 tena
 []


Underfull \hbox (badness 10000) in paragraph at lines 838--838
\T1/ptm/m/n/12 Out-
 []


Overfull \hbox (2.0373pt too wide) in paragraph at lines 838--838
\T1/ptm/m/n/12 door?| 
 []

Missing character: There is no ✅ (U+2705) in font ptmr8t!
Missing character: There is no ✅ (U+2705) in font ptmb8t!

Underfull \hbox (badness 10000) in paragraph at lines 838--838
[]|\T1/ptm/m/n/12 Pe-
 []


Overfull \hbox (4.7011pt too wide) in paragraph at lines 838--838
\T1/ptm/m/n/12 maka-
 []


Underfull \hbox (badness 10000) in paragraph at lines 838--838
\T1/ptm/m/n/12 ian
 []


Overfull \hbox (1.37721pt too wide) in paragraph at lines 838--838
\T1/ptm/m/n/12 24/7?| 
 []

Missing character: There is no ✅ (U+2705) in font ptmr8t!
Missing character: There is no ✅ (U+2705) in font ptmr8t!
Missing character: There is no ✅ (U+2705) in font ptmb8t!

Overfull \hbox (14.28906pt too wide) in paragraph at lines 838--838
[]|\T1/ptm/m/n/12 Koneksi
 []

Missing character: There is no ✅ (U+2705) in font ptmr8t!
Missing character: There is no ✅ (U+2705) in font ptmr8t!
Missing character: There is no ✅ (U+2705) in font ptmb8t!

Underfull \hbox (badness 10000) in paragraph at lines 838--838
[]|\T1/ptm/m/n/12 Ma-
 []


Underfull \hbox (badness 10000) in paragraph at lines 838--838
\T1/ptm/m/n/12 tu-
 []

Missing character: There is no 🔥 (U+1F525) in font ptmr8t!

Package fancyhdr Warning: \headheight is too small (12.0pt): 
(fancyhdr)                Make it at least 13.59999pt, for example:
(fancyhdr)                \setlength{\headheight}{13.59999pt}.
(fancyhdr)                You might also make \topmargin smaller:
(fancyhdr)                \addtolength{\topmargin}{-1.59999pt}.

[23
Missing character: There is no — (U+2014) in font ptmb8t!
Missing character: There is no 🔥 (U+1F525) in font ptmb8t!
Missing character: There is no ✅ (U+2705) in font ptmr8t!
]

Package fancyhdr Warning: \headheight is too small (12.0pt): 
(fancyhdr)                Make it at least 13.59999pt, for example:
(fancyhdr)                \setlength{\headheight}{13.59999pt}.
(fancyhdr)                You might also make \topmargin smaller:
(fancyhdr)                \addtolength{\topmargin}{-1.59999pt}.

[24
Missing character: There is no ✅ (U+2705) in font ptmr8t!
Missing character: There is no ✅ (U+2705) in font ptmr8t!
Missing character: There is no ✅ (U+2705) in font ptmr8t!
Missing character: There is no 🔥 (U+1F525) in font ptmr8t!
Missing character: There is no ⚠ (U+26A0) in font ptmr8t!
Missing character: There is no ️ (U+FE0F) in font ptmr8t!
Missing character: There is no ⚠ (U+26A0) in font ptmr8t!
Missing character: There is no ️ (U+FE0F) in font ptmr8t!
Missing character: There is no ✅ (U+2705) in font ptmb8t!
Missing character: There is no ✅ (U+2705) in font ptmr8t!
Missing character: There is no ✅ (U+2705) in font ptmb8t!
Missing character: There is no ✅ (U+2705) in font ptmr8t!
Missing character: There is no ✅ (U+2705) in font ptmr8t!
Missing character: There is no ✅ (U+2705) in font ptmb8t!
Missing character: There is no ✅ (U+2705) in font ptmr8t!
Missing character: There is no ✅ (U+2705) in font ptmr8t!
Missing character: There is no ✅ (U+2705) in font ptmb8t!
Missing character: There is no 🔥 (U+1F525) in font ptmr8t!
]
Missing character: There is no — (U+2014) in font ptmr8t!
Missing character: There is no — (U+2014) in font ptmr8t!
Missing character: There is no — (U+2014) in font ptmr8t!
Missing character: There is no — (U+2014) in font ptmr8t!
Missing character: There is no — (U+2014) in font ptmr8t!
Missing character: There is no — (U+2014) in font ptmr8t!
Missing character: There is no — (U+2014) in font ptmr8t!
Missing character: There is no — (U+2014) in font ptmr8t!
Missing character: There is no — (U+2014) in font ptmr8t!
Missing character: There is no — (U+2014) in font ptmr8t!
Missing character: There is no — (U+2014) in font ptmr8t!
Missing character: There is no — (U+2014) in font ptmr8t!
Missing character: There is no — (U+2014) in font ptmr8t!
Missing character: There is no — (U+2014) in font ptmr8t!
Missing character: There is no — (U+2014) in font ptmr8t!
Missing character: There is no — (U+2014) in font ptmr8t!
Missing character: There is no — (U+2014) in font ptmr8t!
Missing character: There is no — (U+2014) in font ptmr8t!

Package fancyhdr Warning: \headheight is too small (12.0pt): 
(fancyhdr)                Make it at least 13.59999pt, for example:
(fancyhdr)                \setlength{\headheight}{13.59999pt}.
(fancyhdr)                You might also make \topmargin smaller:
(fancyhdr)                \addtolength{\topmargin}{-1.59999pt}.

[25
Missing character: There is no ; (U+003B) in font nullfont!
Missing character: There is no ; (U+003B) in font nullfont!
Missing character: There is no ; (U+003B) in font nullfont!
Missing character: There is no ✅ (U+2705) in font ptmr8t!
Missing character: There is no — (U+2014) in font ptmr8t!
Missing character: There is no ✅ (U+2705) in font ptmr8t!
Missing character: There is no — (U+2014) in font ptmr8t!
Missing character: There is no ✅ (U+2705) in font ptmr8t!
Missing character: There is no — (U+2014) in font ptmr8t!
Missing character: There is no ✅ (U+2705) in font ptmr8t!
Missing character: There is no — (U+2014) in font ptmr8t!
Missing character: There is no ✅ (U+2705) in font ptmr8t!
Missing character: There is no — (U+2014) in font ptmr8t!
Missing character: There is no ✅ (U+2705) in font ptmr8t!
Missing character: There is no — (U+2014) in font ptmr8t!
Missing character: There is no ✅ (U+2705) in font ptmr8t!
Missing character: There is no — (U+2014) in font ptmr8t!
Missing character: There is no — (U+2014) in font ptmr8t!
Missing character: There is no — (U+2014) in font ptmr8t!
Missing character: There is no — (U+2014) in font ptmr8t!
Missing character: There is no — (U+2014) in font ptmr8t!
Missing character: There is no — (U+2014) in font ptmr8t!
Missing character: There is no — (U+2014) in font ptmr8t!
Missing character: There is no — (U+2014) in font ptmr8t!
]
Missing character: There is no — (U+2014) in font ptmr8t!
Missing character: There is no — (U+2014) in font ptmr8t!
Missing character: There is no — (U+2014) in font ptmr8t!
Missing character: There is no — (U+2014) in font ptmr8t!
Missing character: There is no — (U+2014) in font ptmr8t!
Missing character: There is no — (U+2014) in font ptmr8t!

! LaTeX Error: Not allowed in LR mode.

See the LaTeX manual or LaTeX Companion for explanation.
Type  H <return>  for immediate help.
 ...                                              
                                                  
l.903 ... below=0.1cm of relay] {Solenoid Valve\\1
                                                  2V NC + Drip};
You've lost some text.  Try typing  <return>  to proceed.
If that doesn't work, type  X <return>  to quit.


! LaTeX Error: Not allowed in LR mode.

See the LaTeX manual or LaTeX Companion for explanation.
Type  H <return>  for immediate help.
 ...                                              
                                                  
l.906 ...:{\\large SUPABASE (CLOUD, GRATIS)}}] {};
                                                  
You've lost some text.  Try typing  <return>  to proceed.
If that doesn't work, type  X <return>  to quit.


! LaTeX Error: Not allowed in LR mode.

See the LaTeX manual or LaTeX Companion for explanation.
Type  H <return>  for immediate help.
 ...                                              
                                                  
l.913 ...fseries]above:{\\large FLUTTER APP}}] {};
                                                  
You've lost some text.  Try typing  <return>  to proceed.
If that doesn't work, type  X <return>  to quit.


! LaTeX Error: Not allowed in LR mode.

See the LaTeX manual or LaTeX Companion for explanation.
Type  H <return>  for immediate help.
 ...                                              
                                                  
l.913 ...fseries]above:{\\large FLUTTER APP}}] {};
                                                  
You've lost some text.  Try typing  <return>  to proceed.
If that doesn't work, type  X <return>  to quit.


! LaTeX Error: Not allowed in LR mode.

See the LaTeX manual or LaTeX Companion for explanation.
Type  H <return>  for immediate help.
 ...                                              
                                                  
l.914 \node at (android) {Monitor \\&
                                      Control \\ (Supabase Flutter SDK)};
You've lost some text.  Try typing  <return>  to proceed.
If that doesn't work, type  X <return>  to quit.

! Misplaced alignment tab character &.
<recently read> &
                 
l.914 \node at (android) {Monitor \\&
                                      Control \\ (Supabase Flutter SDK)};
I can't figure out why you would want to use a tab mark
here. If you just want an ampersand, the remedy is
simple: Just type `I\&' now. But if some right brace
up above has ended a previous alignment prematurely,
you're probably due for more error messages, and you
might try typing `S' now just to see what is salvageable.


! LaTeX Error: Not allowed in LR mode.

See the LaTeX manual or LaTeX Companion for explanation.
Type  H <return>  for immediate help.
 ...                                              
                                                  
l.914 \node at (android) {Monitor \\& Control \\ (
                                                  Supabase Flutter SDK)};
You've lost some text.  Try typing  <return>  to proceed.
If that doesn't work, type  X <return>  to quit.


! LaTeX Error: Not allowed in LR mode.

See the LaTeX manual or LaTeX Companion for explanation.
Type  H <return>  for immediate help.
 ...                                              
                                                  
l.924 ...hardware.east)!0.5!(supabase.west)$) {\\s
                                                  mall Internet};
You've lost some text.  Try typing  <return>  to proceed.
If that doesn't work, type  X <return>  to quit.


! LaTeX Error: Not allowed in LR mode.

See the LaTeX manual or LaTeX Companion for explanation.
Type  H <return>  for immediate help.
 ...                                              
                                                  
l.949 ...s, below=of start] {Inisialisasi ESP32\\K
                                                  oneksi WiFi};
You've lost some text.  Try typing  <return>  to proceed.
If that doesn't work, type  X <return>  to quit.


! LaTeX Error: Not allowed in LR mode.

See the LaTeX manual or LaTeX Companion for explanation.
Type  H <return>  for immediate help.
 ...                                              
                                                  
l.951 ...=of check, yshift=-0.5cm] {Baca Sensor\\K
                                                  elembaban};
You've lost some text.  Try typing  <return>  to proceed.
If that doesn't work, type  X <return>  to quit.


! LaTeX Error: Not allowed in LR mode.

See the LaTeX manual or LaTeX Companion for explanation.
Type  H <return>  for immediate help.
 ...                                              
                                                  
l.952 ...rocess, below=of read] {HTTP POST Data\\K
                                                  e Supabase\\ (REST API)};
You've lost some text.  Try typing  <return>  to proceed.
If that doesn't work, type  X <return>  to quit.


! LaTeX Error: Not allowed in LR mode.

See the LaTeX manual or LaTeX Companion for explanation.
Type  H <return>  for immediate help.
 ...                                              
                                                  
l.952 ...of read] {HTTP POST Data\\Ke Supabase\\ (
                                                  REST API)};
You've lost some text.  Try typing  <return>  to proceed.
If that doesn't work, type  X <return>  to quit.


! LaTeX Error: Not allowed in LR mode.

See the LaTeX manual or LaTeX Companion for explanation.
Type  H <return>  for immediate help.
 ...                                              
                                                  
l.953 ...n, below=of send, yshift=-0.3cm] {Mode\\O
                                                  tomatis?};
You've lost some text.  Try typing  <return>  to proceed.
If that doesn't work, type  X <return>  to quit.


! LaTeX Error: Not allowed in LR mode.

See the LaTeX manual or LaTeX Companion for explanation.
Type  H <return>  for immediate help.
 ...                                              
                                                  
l.954 ..., right=of mode, xshift=2cm] {HTTP GET\\P
                                                  ending Commands\\Dari Supa...
You've lost some text.  Try typing  <return>  to proceed.
If that doesn't work, type  X <return>  to quit.


! LaTeX Error: Not allowed in LR mode.

See the LaTeX manual or LaTeX Companion for explanation.
Type  H <return>  for immediate help.
 ...                                              
                                                  
l.954 ...shift=2cm] {HTTP GET\\Pending Commands\\D
                                                  ari Supabase};
You've lost some text.  Try typing  <return>  to proceed.
If that doesn't work, type  X <return>  to quit.


! LaTeX Error: Not allowed in LR mode.

See the LaTeX manual or LaTeX Companion for explanation.
Type  H <return>  for immediate help.
 ...                                              
                                                  
l.955 ...ow=of mode, yshift=-0.5cm] {Kelembaban\\<
                                                   Threshold?};
You've lost some text.  Try typing  <return>  to proceed.
If that doesn't work, type  X <return>  to quit.


! LaTeX Error: Not allowed in LR mode.

See the LaTeX manual or LaTeX Companion for explanation.
Type  H <return>  for immediate help.
 ...                                              
                                                  
l.956 ... yshift=-0.3cm, fill=red!20] {Relay ON\\V
                                                  alve Terbuka};
You've lost some text.  Try typing  <return>  to proceed.
If that doesn't work, type  X <return>  to quit.


! LaTeX Error: Not allowed in LR mode.

See the LaTeX manual or LaTeX Companion for explanation.
Type  H <return>  for immediate help.
 ...                                              
                                                  
l.957 ...=of pump_on, fill=green!20] {Relay OFF\\V
                                                  alve Tertutup};
You've lost some text.  Try typing  <return>  to proceed.
If that doesn't work, type  X <return>  to quit.


! LaTeX Error: Not allowed in LR mode.

See the LaTeX manual or LaTeX Companion for explanation.
Type  H <return>  for immediate help.
 ...                                              
                                                  
l.958 ...right=of pump_on, xshift=2.5cm] {Delay\\1
                                                  0 Detik};
You've lost some text.  Try typing  <return>  to proceed.
If that doesn't work, type  X <return>  to quit.


Overfull \hbox (27.21323pt too wide) in paragraph at lines 976--977
 [][] 
 []


Package fancyhdr Warning: \headheight is too small (12.0pt): 
(fancyhdr)                Make it at least 13.59999pt, for example:
(fancyhdr)                \setlength{\headheight}{13.59999pt}.
(fancyhdr)                You might also make \topmargin smaller:
(fancyhdr)                \addtolength{\topmargin}{-1.59999pt}.

[26
Missing character: There is no — (U+2014) in font ptmr8t!
Missing character: There is no — (U+2014) in font ptmr8t!
Missing character: There is no — (U+2014) in font ptmr8t!
Missing character: There is no — (U+2014) in font ptmr8t!
Missing character: There is no — (U+2014) in font ptmr8t!
]
Overfull \vbox (223.08896pt too high) has occurred while \output is active []



Package fancyhdr Warning: \headheight is too small (12.0pt): 
(fancyhdr)                Make it at least 13.59999pt, for example:
(fancyhdr)                \setlength{\headheight}{13.59999pt}.
(fancyhdr)                You might also make \topmargin smaller:
(fancyhdr)                \addtolength{\topmargin}{-1.59999pt}.

[27]

! LaTeX Error: Not allowed in LR mode.

See the LaTeX manual or LaTeX Companion for explanation.
Type  H <return>  for immediate help.
 ...                                              
                                                  
l.996 ...c) [process, below=of dash] {Sync Data\\d
                                                  ari Supabase};
You've lost some text.  Try typing  <return>  to proceed.
If that doesn't work, type  X <return>  to quit.


! LaTeX Error: Not allowed in LR mode.

See the LaTeX manual or LaTeX Companion for explanation.
Type  H <return>  for immediate help.
 ...                                              
                                                  
l.997 ...p) [process, below=of sync] {Tampilkan\\K
                                                  elembaban + Status};
You've lost some text.  Try typing  <return>  to proceed.
If that doesn't work, type  X <return>  to quit.


! LaTeX Error: Not allowed in LR mode.

See the LaTeX manual or LaTeX Companion for explanation.
Type  H <return>  for immediate help.
 ...                                              
                                                  
l.998 ...n, below=of disp, yshift=-0.3cm] {Mode\\O
                                                  tomatis/Manual?};
You've lost some text.  Try typing  <return>  to proceed.
If that doesn't work, type  X <return>  to quit.


! LaTeX Error: Not allowed in LR mode.

See the LaTeX manual or LaTeX Companion for explanation.
Type  H <return>  for immediate help.
 ...                                              
                                                  
l.999 ...ght=of mode_sel, xshift=2.5cm] {Tombol\\S
                                                  iram/Mati};
You've lost some text.  Try typing  <return>  to proceed.
If that doesn't work, type  X <return>  to quit.


! LaTeX Error: Not allowed in LR mode.

See the LaTeX manual or LaTeX Companion for explanation.
Type  H <return>  for immediate help.
 ...                                              
                                                  
l.1000 ...ss, below=of mode_sel] {Set Threshold\\K
                                                  ering \& Basah};
You've lost some text.  Try typing  <return>  to proceed.
If that doesn't work, type  X <return>  to quit.


! LaTeX Error: Not allowed in LR mode.

See the LaTeX manual or LaTeX Companion for explanation.
Type  H <return>  for immediate help.
 ...                                              
                                                  
l.1001 ...ess, below=of auto_sel] {Log Historis\\H
                                                  arian/Mingguan};
You've lost some text.  Try typing  <return>  to proceed.
If that doesn't work, type  X <return>  to quit.


! LaTeX Error: Not allowed in LR mode.

See the LaTeX manual or LaTeX Companion for explanation.
Type  H <return>  for immediate help.
 ...                                              
                                                  
l.1002 ... mode_sel, xshift=-2.5cm] {Notifikasi\\J
                                                  ika Kritis};
You've lost some text.  Try typing  <return>  to proceed.
If that doesn't work, type  X <return>  to quit.


Package pgf Warning: Returning node center instead of a point on node border. D
id you specify a point identical to the center of node ``login''? on input line
 1004.


Package pgf Warning: Returning node center instead of a point on node border. D
id you specify a point identical to the center of node ``start''? on input line
 1004.


Overfull \hbox (102.80206pt too wide) in paragraph at lines 1016--1017
 [][] 
 []


Package fancyhdr Warning: \headheight is too small (12.0pt): 
(fancyhdr)                Make it at least 13.59999pt, for example:
(fancyhdr)                \setlength{\headheight}{13.59999pt}.
(fancyhdr)                You might also make \topmargin smaller:
(fancyhdr)                \addtolength{\topmargin}{-1.59999pt}.

[28]
Missing character: There is no — (U+2014) in font ptmr8t!
Missing character: There is no — (U+2014) in font ptmr8t!
Missing character: There is no — (U+2014) in font ptmr8t!
Missing character: There is no — (U+2014) in font ptmr8t!
Missing character: There is no — (U+2014) in font ptmr8t!
Missing character: There is no — (U+2014) in font ptmr8t!

Underfull \hbox (badness 1675) in paragraph at lines 1070--1070
[]|\T1/ptm/m/n/12 HTTP POST/GET ke Su-pabase REST
 []


! LaTeX Error: Not allowed in LR mode.

See the LaTeX manual or LaTeX Companion for explanation.
Type  H <return>  for immediate help.
 ...                                              
                                                  
l.1099 ...ht=1.5cm, right=2.5cm of esp] {Sensor\\K
                                                  elembaban};
You've lost some text.  Try typing  <return>  to proceed.
If that doesn't work, type  X <return>  to quit.


! LaTeX Error: Not allowed in LR mode.

See the LaTeX manual or LaTeX Companion for explanation.
Type  H <return>  for immediate help.
 ...                                              
                                                  
l.1106 ...ht=1.5cm, below=1cm of sensor] {Relay\\M
                                                  odule};
You've lost some text.  Try typing  <return>  to proceed.
If that doesn't work, type  X <return>  to quit.


! LaTeX Error: Not allowed in LR mode.

See the LaTeX manual or LaTeX Companion for explanation.
Type  H <return>  for immediate help.
 ...                                              
                                                  
l.1113 ....8cm, right=1.5cm of relay] {Solenoid\\V
                                                  alve 12V NC};
You've lost some text.  Try typing  <return>  to proceed.
If that doesn't work, type  X <return>  to quit.


Package fancyhdr Warning: \headheight is too small (12.0pt): 
(fancyhdr)                Make it at least 13.59999pt, for example:
(fancyhdr)                \setlength{\headheight}{13.59999pt}.
(fancyhdr)                You might also make \topmargin smaller:
(fancyhdr)                \addtolength{\topmargin}{-1.59999pt}.

[29
Missing character: There is no — (U+2014) in font ptmr8t!
]

Package fancyhdr Warning: \headheight is too small (12.0pt): 
(fancyhdr)                Make it at least 13.59999pt, for example:
(fancyhdr)                \setlength{\headheight}{13.59999pt}.
(fancyhdr)                You might also make \topmargin smaller:
(fancyhdr)                \addtolength{\topmargin}{-1.59999pt}.

[30]
Missing character: There is no ∼ (U+223C) in font ptmr8t!
Missing character: There is no ∼ (U+223C) in font ptmr8t!
Missing character: There is no ∼ (U+223C) in font ptmr8t!
Missing character: There is no ∼ (U+223C) in font ptmr8t!
Missing character: There is no ∼ (U+223C) in font ptmr8t!
Missing character: There is no ∼ (U+223C) in font ptmr8t!

! LaTeX Error: Not allowed in LR mode.

See the LaTeX manual or LaTeX Companion for explanation.
Type  H <return>  for immediate help.
 ...                                              
                                                  
l.1187 ...p, fill=orange!20] {Capacitive Soil \\ S
                                                  ensor v1.2};
You've lost some text.  Try typing  <return>  to proceed.
If that doesn't work, type  X <return>  to quit.


! LaTeX Error: Not allowed in LR mode.

See the LaTeX manual or LaTeX Companion for explanation.
Type  H <return>  for immediate help.
 ...                                              
                                                  
l.1188 ...lue!20, right=4cm of sensor] {ESP32 \\ G
                                                  PIO34 (ADC)};
You've lost some text.  Try typing  <return>  to proceed.
If that doesn't work, type  X <return>  to quit.


! LaTeX Error: Not allowed in LR mode.

See the LaTeX manual or LaTeX Companion for explanation.
Type  H <return>  for immediate help.
 ...                                              
                                                  
l.1189 ...gray!10, below=0.5cm of esp] {100nF \\ F
                                                  ilter};
You've lost some text.  Try typing  <return>  to proceed.
If that doesn't work, type  X <return>  to quit.


Underfull \hbox (badness 3240) in paragraph at lines 1219--1219
[]|\T1/ptm/m/n/12 2-pair twisted + foil shield,
 []


Package fancyhdr Warning: \headheight is too small (12.0pt): 
(fancyhdr)                Make it at least 13.59999pt, for example:
(fancyhdr)                \setlength{\headheight}{13.59999pt}.
(fancyhdr)                You might also make \topmargin smaller:
(fancyhdr)                \addtolength{\topmargin}{-1.59999pt}.

[31
Missing character: There is no ∼ (U+223C) in font ptmr8t!
Missing character: There is no ∼ (U+223C) in font ptmr8t!
Missing character: There is no ∼ (U+223C) in font ptmr8t!
]

Package fancyhdr Warning: \headheight is too small (12.0pt): 
(fancyhdr)                Make it at least 13.59999pt, for example:
(fancyhdr)                \setlength{\headheight}{13.59999pt}.
(fancyhdr)                You might also make \topmargin smaller:
(fancyhdr)                \addtolength{\topmargin}{-1.59999pt}.

[32]
Chapter 4.
Missing character: There is no — (U+2014) in font ptmr8t!
Missing character: There is no — (U+2014) in font ptmr8t!
LaTeX Font Info:    Trying to load font information for T1+pcr on input line 12
56.
(/usr/share/texlive/texmf-dist/tex/latex/psnfss/t1pcr.fd
File: t1pcr.fd 2001/06/04 font definitions for T1/pcr.
)
Overfull \hbox (53.4583pt too wide) in paragraph at lines 1256--1257
[]\T1/ptm/m/n/12 Mem-buat tabel database: \T1/pcr/m/n/12 sensor_readings\T1/ptm
/m/n/12 , \T1/pcr/m/n/12 pending_commands\T1/ptm/m/n/12 , \T1/pcr/m/n/12 system_
config\T1/ptm/m/n/12 . 
 []


Underfull \hbox (badness 10000) in paragraph at lines 1287--1287
[]|\T1/ptm/m/n/12 ESP32 (POST), Flut-ter
 []


Underfull \hbox (badness 10000) in paragraph at lines 1287--1287
[]|\T1/ptm/m/n/12 Flut-ter (POST), ESP32
 []


Underfull \hbox (badness 10000) in paragraph at lines 1287--1287
[]|\T1/ptm/m/n/12 Thresh-old, mode
 []


Underfull \hbox (badness 10000) in paragraph at lines 1287--1287
[]|\T1/ptm/m/n/12 Flut-ter (RW), ESP32
 []


Underfull \hbox (badness 1253) in paragraph at lines 1287--1287
[]|\T1/ptm/m/n/12 Data lo-gin peng-guna ap-
 []

[33


Missing character: There is no — (U+2014) in font ptmr8t!
]

Package fancyhdr Warning: \headheight is too small (12.0pt): 
(fancyhdr)                Make it at least 13.59999pt, for example:
(fancyhdr)                \setlength{\headheight}{13.59999pt}.
(fancyhdr)                You might also make \topmargin smaller:
(fancyhdr)                \addtolength{\topmargin}{-1.59999pt}.

[34]
Missing character: There is no — (U+2014) in font ptmr8t!
Missing character: There is no — (U+2014) in font ptmr8t!
Missing character: There is no — (U+2014) in font ptmr8t!

Underfull \hbox (badness 1838) in paragraph at lines 1358--1358
[]|\T1/ptm/m/n/12 Re-lay Mod-ule 1-Channel 5V
 []


Underfull \hbox (badness 1769) in paragraph at lines 1358--1358
[]|\T1/ptm/m/n/12 Solenoid Valve 12V NC 1/2
 []


Underfull \hbox (badness 10000) in paragraph at lines 1358--1358
[]|\T1/ptm/m/n/12 LED In-dika-tor 5mm
 []


Underfull \hbox (badness 10000) in paragraph at lines 1358--1358
[]|\T1/ptm/m/n/12 Huawei B535-932 4G LTE
 []


Underfull \hbox (badness 2119) in paragraph at lines 1358--1358
[]|\T1/ptm/m/n/12 Ka-bel Belden 3107A / UTP
 []


Underfull \hbox (badness 10000) in paragraph at lines 1358--1358
[]|\T1/ptm/m/n/12 Ka-bel Jumper Male-Female
 []


Underfull \hbox (badness 10000) in paragraph at lines 1358--1358
[]|\T1/ptm/m/n/12 Project Box Panel
 []


Underfull \hbox (badness 10000) in paragraph at lines 1358--1358
[]|\T1/ptm/m/n/12 Se-lang Drip Ir-ri-ga-tion PE
 []


Underfull \hbox (badness 5431) in paragraph at lines 1358--1358
[]|\T1/ptm/m/n/12 Fit-ting Se-lang (Tee, El-bow,
 []


Package fancyhdr Warning: \headheight is too small (12.0pt): 
(fancyhdr)                Make it at least 13.59999pt, for example:
(fancyhdr)                \setlength{\headheight}{13.59999pt}.
(fancyhdr)                You might also make \topmargin smaller:
(fancyhdr)                \addtolength{\topmargin}{-1.59999pt}.

[35]
Underfull \hbox (badness 1342) in paragraph at lines 1382--1382
[]|\T1/ptm/m/n/12 Re-lay Mod-ule + Solenoid Valve
 []


Underfull \hbox (badness 1789) in paragraph at lines 1382--1382
[]|\T1/ptm/m/n/12 Belden/UTP 20m + NYMHY +
 []


Underfull \hbox (badness 2478) in paragraph at lines 1382--1382
[]|\T1/ptm/m/n/12 Project Box + Timah Sol-der +
 []


Package fancyhdr Warning: \headheight is too small (12.0pt): 
(fancyhdr)                Make it at least 13.59999pt, for example:
(fancyhdr)                \setlength{\headheight}{13.59999pt}.
(fancyhdr)                You might also make \topmargin smaller:
(fancyhdr)                \addtolength{\topmargin}{-1.59999pt}.

[36
Missing character: There is no — (U+2014) in font ptmr8t!
]
Overfull \hbox (9.43988pt too wide) in paragraph at lines 1387--1388
[]\T1/ptm/m/n/12 Harga bersi-fat es-ti-masi berdasarkan mar-ket-place pada Juli 2026 dan da-pat berubah sewaktu-
 []

Missing character: There is no — (U+2014) in font ptmb8t!
Missing character: There is no — (U+2014) in font ptmb8t!

! LaTeX Error: Not allowed in LR mode.

See the LaTeX manual or LaTeX Companion for explanation.
Type  H <return>  for immediate help.
 ...                                              
                                                  
l.1465 }
        
You've lost some text.  Try typing  <return>  to proceed.
If that doesn't work, type  X <return>  to quit.

! Missing } inserted.
<inserted text> 
                }
l.1465 }
        
I've inserted something that you may have forgotten.
(See the <inserted text> above.)
With luck, this will get me unwedged. But if you
really didn't forget anything, try typing `2' now; then
my insertion and my current dilemma will both disappear.


! Package tikz Error: Giving up on this path. Did you forget a semicolon?.

See the tikz package documentation for explanation.
Type  H <return>  for immediate help.
 ...                                              
                                                  
l.1465 }
        
This error message was generated by an \errmessage
command, so I can't give any explicit help.
Pretend that you're Hercule Poirot: Examine all clues,
and deduce the truth by order and method.

! Missing \endgroup inserted.
<inserted text> 
                \endgroup 
l.1465 }
        
I've inserted something that you may have forgotten.
(See the <inserted text> above.)
With luck, this will get me unwedged. But if you
really didn't forget anything, try typing `2' now; then
my insertion and my current dilemma will both disappear.

! Undefined control sequence.
<recently read> \tikz@expand@last@token@ 
                                         
l.1465 }
        
The control sequence at the end of the top line
of your error message was never \def'ed. If you have
misspelled it (e.g., `\hobx'), type `I' and the correct
spelling (e.g., `I\hbox'). Otherwise just continue,
and I'll forget about whatever was undefined.

! Missing number, treated as zero.
<to be read again> 
                   \let 
l.1465 }
        
A number should have been here; I inserted `0'.
(If you can't figure out why I needed to see a number,
look up `weird error' in the index to The TeXbook.)

! Illegal unit of measure (pt inserted).
<to be read again> 
                   \let 
l.1465 }
        
Dimensions can be in units of em, ex, in, pt, pc,
cm, mm, dd, cc, nd, nc, bp, or sp; but yours is a new one!
I'll assume that you meant to say pt, for printer's points.
To recover gracefully from this error, it's best to
delete the erroneous units; e.g., type `2' to delete
two letters. (See Chapter 27 of The TeXbook.)

! Extra }, or forgotten \endgroup.
<argument> ...th west] {Capacitive \\ Soil Sensor}
                                                  ; \par \node at ($(soil.no...
l.1465 }
        
I've deleted a group-closing symbol because it seems to be
spurious, as in `$x}$'. But perhaps the } is legitimate and
you forgot something else, as in `\hbox{$x}'. In such cases
the way to recover is to insert both the forgotten and the
deleted material, e.g., by typing `I$}'.


! LaTeX Error: Not allowed in LR mode.

See the LaTeX manual or LaTeX Companion for explanation.
Type  H <return>  for immediate help.
 ...                                              
                                                  
l.1465 }
        
You've lost some text.  Try typing  <return>  to proceed.
If that doesn't work, type  X <return>  to quit.

! Missing } inserted.
<inserted text> 
                }
l.1465 }
        
I've inserted something that you may have forgotten.
(See the <inserted text> above.)
With luck, this will get me unwedged. But if you
really didn't forget anything, try typing `2' now; then
my insertion and my current dilemma will both disappear.


! Package tikz Error: Giving up on this path. Did you forget a semicolon?.

See the tikz package documentation for explanation.
Type  H <return>  for immediate help.
 ...                                              
                                                  
l.1465 }
        
(That was another \errmessage.)

! Missing \endgroup inserted.
<inserted text> 
                \endgroup 
l.1465 }
        
I've inserted something that you may have forgotten.
(See the <inserted text> above.)
With luck, this will get me unwedged. But if you
really didn't forget anything, try typing `2' now; then
my insertion and my current dilemma will both disappear.

! Undefined control sequence.
<recently read> \tikz@expand@last@token@ 
                                         
l.1465 }
        
The control sequence at the end of the top line
of your error message was never \def'ed. If you have
misspelled it (e.g., `\hobx'), type `I' and the correct
spelling (e.g., `I\hbox'). Otherwise just continue,
and I'll forget about whatever was undefined.

! Missing number, treated as zero.
<to be read again> 
                   \let 
l.1465 }
        
A number should have been here; I inserted `0'.
(If you can't figure out why I needed to see a number,
look up `weird error' in the index to The TeXbook.)

! Illegal unit of measure (pt inserted).
<to be read again> 
                   \let 
l.1465 }
        
Dimensions can be in units of em, ex, in, pt, pc,
cm, mm, dd, cc, nd, nc, bp, or sp; but yours is a new one!
I'll assume that you meant to say pt, for printer's points.
To recover gracefully from this error, it's best to
delete the erroneous units; e.g., type `2' to delete
two letters. (See Chapter 27 of The TeXbook.)

! Extra }, or forgotten \endgroup.
<argument> ... xshift=4cm] {ESP32 \\ GPIO34 (ADC)}
                                                  ; \draw [->, thick, green!...
l.1465 }
        
I've deleted a group-closing symbol because it seems to be
spurious, as in `$x}$'. But perhaps the } is legitimate and
you forgot something else, as in `\hbox{$x}'. In such cases
the way to recover is to insert both the forgotten and the
deleted material, e.g., by typing `I$}'.


! LaTeX Error: Not allowed in LR mode.

See the LaTeX manual or LaTeX Companion for explanation.
Type  H <return>  for immediate help.
 ...                                              
                                                  
l.1465 }
        
You've lost some text.  Try typing  <return>  to proceed.
If that doesn't work, type  X <return>  to quit.

! Missing } inserted.
<inserted text> 
                }
l.1465 }
        
I've inserted something that you may have forgotten.
(See the <inserted text> above.)
With luck, this will get me unwedged. But if you
really didn't forget anything, try typing `2' now; then
my insertion and my current dilemma will both disappear.


! Package tikz Error: Giving up on this path. Did you forget a semicolon?.

See the tikz package documentation for explanation.
Type  H <return>  for immediate help.
 ...                                              
                                                  
l.1465 }
        
(That was another \errmessage.)

! Missing \endgroup inserted.
<inserted text> 
                \endgroup 
l.1465 }
        
I've inserted something that you may have forgotten.
(See the <inserted text> above.)
With luck, this will get me unwedged. But if you
really didn't forget anything, try typing `2' now; then
my insertion and my current dilemma will both disappear.

! Undefined control sequence.
<recently read> \tikz@expand@last@token@ 
                                         
l.1465 }
        
The control sequence at the end of the top line
of your error message was never \def'ed. If you have
misspelled it (e.g., `\hobx'), type `I' and the correct
spelling (e.g., `I\hbox'). Otherwise just continue,
and I'll forget about whatever was undefined.

! Missing number, treated as zero.
<to be read again> 
                   \let 
l.1465 }
        
A number should have been here; I inserted `0'.
(If you can't figure out why I needed to see a number,
look up `weird error' in the index to The TeXbook.)

! Illegal unit of measure (pt inserted).
<to be read again> 
                   \let 
l.1465 }
        
Dimensions can be in units of em, ex, in, pt, pc,
cm, mm, dd, cc, nd, nc, bp, or sp; but yours is a new one!
I'll assume that you meant to say pt, for printer's points.
To recover gracefully from this error, it's best to
delete the erroneous units; e.g., type `2' to delete
two letters. (See Chapter 27 of The TeXbook.)

! Extra }, or forgotten \endgroup.
<argument> ...of relay] {Solenoid \\ Valve 12V NC}
                                                  ; \draw [->, thick] (esp.s...
l.1465 }
        
I've deleted a group-closing symbol because it seems to be
spurious, as in `$x}$'. But perhaps the } is legitimate and
you forgot something else, as in `\hbox{$x}'. In such cases
the way to recover is to insert both the forgotten and the
deleted material, e.g., by typing `I$}'.


! LaTeX Error: Not allowed in LR mode.

See the LaTeX manual or LaTeX Companion for explanation.
Type  H <return>  for immediate help.
 ...                                              
                                                  
l.1465 }
        
You've lost some text.  Try typing  <return>  to proceed.
If that doesn't work, type  X <return>  to quit.

! Missing } inserted.
<inserted text> 
                }
l.1465 }
        
I've inserted something that you may have forgotten.
(See the <inserted text> above.)
With luck, this will get me unwedged. But if you
really didn't forget anything, try typing `2' now; then
my insertion and my current dilemma will both disappear.


! Package tikz Error: Giving up on this path. Did you forget a semicolon?.

See the tikz package documentation for explanation.
Type  H <return>  for immediate help.
 ...                                              
                                                  
l.1465 }
        
(That was another \errmessage.)

! Missing \endgroup inserted.
<inserted text> 
                \endgroup 
l.1465 }
        
I've inserted something that you may have forgotten.
(See the <inserted text> above.)
With luck, this will get me unwedged. But if you
really didn't forget anything, try typing `2' now; then
my insertion and my current dilemma will both disappear.

! Undefined control sequence.
<recently read> \tikz@expand@last@token@ 
                                         
l.1465 }
        
The control sequence at the end of the top line
of your error message was never \def'ed. If you have
misspelled it (e.g., `\hobx'), type `I' and the correct
spelling (e.g., `I\hbox'). Otherwise just continue,
and I'll forget about whatever was undefined.

! Missing number, treated as zero.
<to be read again> 
                   \let 
l.1465 }
        
A number should have been here; I inserted `0'.
(If you can't figure out why I needed to see a number,
look up `weird error' in the index to The TeXbook.)

! Illegal unit of measure (pt inserted).
<to be read again> 
                   \let 
l.1465 }
        
Dimensions can be in units of em, ex, in, pt, pc,
cm, mm, dd, cc, nd, nc, bp, or sp; but yours is a new one!
I'll assume that you meant to say pt, for printer's points.
To recover gracefully from this error, it's best to
delete the erroneous units; e.g., type `2' to delete
two letters. (See Chapter 27 of The TeXbook.)

! Extra }, or forgotten \endgroup.
<argument> ...f relay] {PS 12V \\ (Aki / Adaptor)}
                                                  ; \node (lte) [big, fill=g...
l.1465 }
        
I've deleted a group-closing symbol because it seems to be
spurious, as in `$x}$'. But perhaps the } is legitimate and
you forgot something else, as in `\hbox{$x}'. In such cases
the way to recover is to insert both the forgotten and the
deleted material, e.g., by typing `I$}'.


! Package pgfkeys Error: I do not know the key '/tikz/big' and I am going to ig
nore it. Perhaps you misspelled it.

See the pgfkeys package documentation for explanation.
Type  H <return>  for immediate help.
 ...                                              
                                                  
l.1465 }
        
(That was another \errmessage.)


! LaTeX Error: Not allowed in LR mode.

See the LaTeX manual or LaTeX Companion for explanation.
Type  H <return>  for immediate help.
 ...                                              
                                                  
l.1465 }
        
You've lost some text.  Try typing  <return>  to proceed.
If that doesn't work, type  X <return>  to quit.

! Missing } inserted.
<inserted text> 
                }
l.1465 }
        
I've inserted something that you may have forgotten.
(See the <inserted text> above.)
With luck, this will get me unwedged. But if you
really didn't forget anything, try typing `2' now; then
my insertion and my current dilemma will both disappear.


! Package tikz Error: Giving up on this path. Did you forget a semicolon?.

See the tikz package documentation for explanation.
Type  H <return>  for immediate help.
 ...                                              
                                                  
l.1465 }
        
(That was another \errmessage.)

! Missing \endgroup inserted.
<inserted text> 
                \endgroup 
l.1465 }
        
I've inserted something that you may have forgotten.
(See the <inserted text> above.)
With luck, this will get me unwedged. But if you
really didn't forget anything, try typing `2' now; then
my insertion and my current dilemma will both disappear.

! Undefined control sequence.
<recently read> \tikz@expand@last@token@ 
                                         
l.1465 }
        
The control sequence at the end of the top line
of your error message was never \def'ed. If you have
misspelled it (e.g., `\hobx'), type `I' and the correct
spelling (e.g., `I\hbox'). Otherwise just continue,
and I'll forget about whatever was undefined.

! Missing number, treated as zero.
<to be read again> 
                   \let 
l.1465 }
        
A number should have been here; I inserted `0'.
(If you can't figure out why I needed to see a number,
look up `weird error' in the index to The TeXbook.)

! Illegal unit of measure (pt inserted).
<to be read again> 
                   \let 
l.1465 }
        
Dimensions can be in units of em, ex, in, pt, pc,
cm, mm, dd, cc, nd, nc, bp, or sp; but yours is a new one!
I'll assume that you meant to say pt, for printer's points.
To recover gracefully from this error, it's best to
delete the erroneous units; e.g., type `2' to delete
two letters. (See Chapter 27 of The TeXbook.)

! Extra }, or forgotten \endgroup.
<argument> ...ps12] {Huawei B535 \\ 4G LTE Router}
                                                  ; \node (scc) [big, fill=y...
l.1465 }
        
I've deleted a group-closing symbol because it seems to be
spurious, as in `$x}$'. But perhaps the } is legitimate and
you forgot something else, as in `\hbox{$x}'. In such cases
the way to recover is to insert both the forgotten and the
deleted material, e.g., by typing `I$}'.


! Package pgfkeys Error: I do not know the key '/tikz/big' and I am going to ig
nore it. Perhaps you misspelled it.

See the pgfkeys package documentation for explanation.
Type  H <return>  for immediate help.
 ...                                              
                                                  
l.1465 }
        
(That was another \errmessage.)


! LaTeX Error: Not allowed in LR mode.

See the LaTeX manual or LaTeX Companion for explanation.
Type  H <return>  for immediate help.
 ...                                              
                                                  
l.1465 }
        
You've lost some text.  Try typing  <return>  to proceed.
If that doesn't work, type  X <return>  to quit.

! Missing } inserted.
<inserted text> 
                }
l.1465 }
        
I've inserted something that you may have forgotten.
(See the <inserted text> above.)
With luck, this will get me unwedged. But if you
really didn't forget anything, try typing `2' now; then
my insertion and my current dilemma will both disappear.


! Package tikz Error: Giving up on this path. Did you forget a semicolon?.

See the tikz package documentation for explanation.
Type  H <return>  for immediate help.
 ...                                              
                                                  
l.1465 }
        
(That was another \errmessage.)

! Missing \endgroup inserted.
<inserted text> 
                \endgroup 
l.1465 }
        
I've inserted something that you may have forgotten.
(See the <inserted text> above.)
With luck, this will get me unwedged. But if you
really didn't forget anything, try typing `2' now; then
my insertion and my current dilemma will both disappear.

! Undefined control sequence.
<recently read> \tikz@expand@last@token@ 
                                         
l.1465 }
        
The control sequence at the end of the top line
of your error message was never \def'ed. If you have
misspelled it (e.g., `\hobx'), type `I' and the correct
spelling (e.g., `I\hbox'). Otherwise just continue,
and I'll forget about whatever was undefined.

! Missing number, treated as zero.
<to be read again> 
                   \let 
l.1465 }
        
A number should have been here; I inserted `0'.
(If you can't figure out why I needed to see a number,
look up `weird error' in the index to The TeXbook.)

! Illegal unit of measure (pt inserted).
<to be read again> 
                   \let 
l.1465 }
        
Dimensions can be in units of em, ex, in, pt, pc,
cm, mm, dd, cc, nd, nc, bp, or sp; but yours is a new one!
I'll assume that you meant to say pt, for printer's points.
To recover gracefully from this error, it's best to
delete the erroneous units; e.g., type `2' to delete
two letters. (See Chapter 27 of The TeXbook.)

! Undefined control sequence.
<argument> ...ar Charge \\ Controller 20A}; \node 
                                                  (panel3) [big, fill=orange...
l.1465 }
        
The control sequence at the end of the top line
of your error message was never \def'ed. If you have
misspelled it (e.g., `\hobx'), type `I' and the correct
spelling (e.g., `I\hbox'). Otherwise just continue,
and I'll forget about whatever was undefined.


! LaTeX Error: Not allowed in LR mode.

See the LaTeX manual or LaTeX Companion for explanation.
Type  H <return>  for immediate help.
 ...                                              
                                                  
l.1465 }
        
You've lost some text.  Try typing  <return>  to proceed.
If that doesn't work, type  X <return>  to quit.

! Missing } inserted.
<inserted text> 
                }
l.1465 }
        
I've inserted something that you may have forgotten.
(See the <inserted text> above.)
With luck, this will get me unwedged. But if you
really didn't forget anything, try typing `2' now; then
my insertion and my current dilemma will both disappear.

! Missing \endgroup inserted.
<inserted text> 
                \endgroup 
l.1465 }
        
I've inserted something that you may have forgotten.
(See the <inserted text> above.)
With luck, this will get me unwedged. But if you
really didn't forget anything, try typing `2' now; then
my insertion and my current dilemma will both disappear.

! Missing \endgroup inserted.
<inserted text> 
                \endgroup 
l.1465 }
        
I've inserted something that you may have forgotten.
(See the <inserted text> above.)
With luck, this will get me unwedged. But if you
really didn't forget anything, try typing `2' now; then
my insertion and my current dilemma will both disappear.

! Missing \endgroup inserted.
<inserted text> 
                \endgroup 
l.1465 }
        
I've inserted something that you may have forgotten.
(See the <inserted text> above.)
With luck, this will get me unwedged. But if you
really didn't forget anything, try typing `2' now; then
my insertion and my current dilemma will both disappear.

! Missing } inserted.
<inserted text> 
                }
l.1465 }
        
I've inserted something that you may have forgotten.
(See the <inserted text> above.)
With luck, this will get me unwedged. But if you
really didn't forget anything, try typing `2' now; then
my insertion and my current dilemma will both disappear.

Missing character: There is no ; (U+003B) in font nullfont!
Missing character: There is no ( (U+0028) in font nullfont!
Missing character: There is no p (U+0070) in font nullfont!
Missing character: There is no a (U+0061) in font nullfont!
Missing character: There is no n (U+006E) in font nullfont!
Missing character: There is no e (U+0065) in font nullfont!
Missing character: There is no l (U+006C) in font nullfont!
Missing character: There is no 3 (U+0033) in font nullfont!
Missing character: There is no ) (U+0029) in font nullfont!
Missing character: There is no [ (U+005B) in font nullfont!
Missing character: There is no b (U+0062) in font nullfont!
Missing character: There is no i (U+0069) in font nullfont!
Missing character: There is no g (U+0067) in font nullfont!
Missing character: There is no , (U+002C) in font nullfont!
Missing character: There is no f (U+0066) in font nullfont!
Missing character: There is no i (U+0069) in font nullfont!
Missing character: There is no l (U+006C) in font nullfont!
Missing character: There is no l (U+006C) in font nullfont!
Missing character: There is no = (U+003D) in font nullfont!
Missing character: There is no o (U+006F) in font nullfont!
Missing character: There is no r (U+0072) in font nullfont!
Missing character: There is no a (U+0061) in font nullfont!
Missing character: There is no n (U+006E) in font nullfont!
Missing character: There is no g (U+0067) in font nullfont!
Missing character: There is no e (U+0065) in font nullfont!
Missing character: There is no ! (U+0021) in font nullfont!
Missing character: There is no 2 (U+0032) in font nullfont!
Missing character: There is no 0 (U+0030) in font nullfont!
Missing character: There is no , (U+002C) in font nullfont!
Missing character: There is no b (U+0062) in font nullfont!
Missing character: There is no e (U+0065) in font nullfont!
Missing character: There is no l (U+006C) in font nullfont!
Missing character: There is no o (U+006F) in font nullfont!
Missing character: There is no w (U+0077) in font nullfont!
Missing character: There is no = (U+003D) in font nullfont!
Missing character: There is no 0 (U+0030) in font nullfont!
Missing character: There is no . (U+002E) in font nullfont!
Missing character: There is no 3 (U+0033) in font nullfont!
Missing character: There is no c (U+0063) in font nullfont!
Missing character: There is no m (U+006D) in font nullfont!
Missing character: There is no o (U+006F) in font nullfont!
Missing character: There is no f (U+0066) in font nullfont!
Missing character: There is no s (U+0073) in font nullfont!
Missing character: There is no c (U+0063) in font nullfont!
Missing character: There is no c (U+0063) in font nullfont!
Missing character: There is no ] (U+005D) in font nullfont!
Missing character: There is no S (U+0053) in font nullfont!
Missing character: There is no o (U+006F) in font nullfont!
Missing character: There is no l (U+006C) in font nullfont!
Missing character: There is no a (U+0061) in font nullfont!
Missing character: There is no r (U+0072) in font nullfont!
Missing character: There is no P (U+0050) in font nullfont!
Missing character: There is no a (U+0061) in font nullfont!
Missing character: There is no n (U+006E) in font nullfont!
Missing character: There is no e (U+0065) in font nullfont!
Missing character: There is no l (U+006C) in font nullfont!
! Missing \endgroup inserted.
<inserted text> 
                \endgroup 
l.1465 }
        
I've inserted something that you may have forgotten.
(See the <inserted text> above.)
With luck, this will get me unwedged. But if you
really didn't forget anything, try typing `2' now; then
my insertion and my current dilemma will both disappear.

! Missing \endgroup inserted.
<inserted text> 
                \endgroup 
l.1465 }
        
I've inserted something that you may have forgotten.
(See the <inserted text> above.)
With luck, this will get me unwedged. But if you
really didn't forget anything, try typing `2' now; then
my insertion and my current dilemma will both disappear.

! Missing \endgroup inserted.
<inserted text> 
                \endgroup 
l.1465 }
        
I've inserted something that you may have forgotten.
(See the <inserted text> above.)
With luck, this will get me unwedged. But if you
really didn't forget anything, try typing `2' now; then
my insertion and my current dilemma will both disappear.

! Missing \endgroup inserted.
<inserted text> 
                \endgroup 
l.1465 }
        
I've inserted something that you may have forgotten.
(See the <inserted text> above.)
With luck, this will get me unwedged. But if you
really didn't forget anything, try typing `2' now; then
my insertion and my current dilemma will both disappear.

! Missing } inserted.
<inserted text> 
                }
l.1465 }
        
I've inserted something that you may have forgotten.
(See the <inserted text> above.)
With luck, this will get me unwedged. But if you
really didn't forget anything, try typing `2' now; then
my insertion and my current dilemma will both disappear.

! Extra }, or forgotten \endgroup.
<argument> ...0.3cm of scc] {Solar Panel \\ 300Wp}
                                                  ; \node (aki) [big, fill=p...
l.1465 }
        
I've deleted a group-closing symbol because it seems to be
spurious, as in `$x}$'. But perhaps the } is legitimate and
you forgot something else, as in `\hbox{$x}'. In such cases
the way to recover is to insert both the forgotten and the
deleted material, e.g., by typing `I$}'.

! Undefined control sequence.
<argument> ... scc] {Solar Panel \\ 300Wp}; \node 
                                                  (aki) [big, fill=purple!10...
l.1465 }
        
The control sequence at the end of the top line
of your error message was never \def'ed. If you have
misspelled it (e.g., `\hobx'), type `I' and the correct
spelling (e.g., `I\hbox'). Otherwise just continue,
and I'll forget about whatever was undefined.

! Undefined control sequence.
<argument> ...scc] {Aki 100Ah \\ 12V}; \par \draw 
                                                  [->, thick] (ps12.north) -...
l.1465 }
        
The control sequence at the end of the top line
of your error message was never \def'ed. If you have
misspelled it (e.g., `\hobx'), type `I' and the correct
spelling (e.g., `I\hbox'). Otherwise just continue,
and I'll forget about whatever was undefined.

! Undefined control sequence.
<argument> ...ps12.north) -- (relay.south); \draw 
                                                  [->, thick] (ps12.east) --...
l.1465 }
        
The control sequence at the end of the top line
of your error message was never \def'ed. If you have
misspelled it (e.g., `\hobx'), type `I' and the correct
spelling (e.g., `I\hbox'). Otherwise just continue,
and I'll forget about whatever was undefined.

! Undefined control sequence.
<argument> ...k] (ps12.east) -- (lte.west); \draw 
                                                  [->, thick] (scc.north) --...
l.1465 }
        
The control sequence at the end of the top line
of your error message was never \def'ed. If you have
misspelled it (e.g., `\hobx'), type `I' and the correct
spelling (e.g., `I\hbox'). Otherwise just continue,
and I'll forget about whatever was undefined.

! Undefined control sequence.
<argument> ... (scc.north) -- (ps12.south); \draw 
                                                  [<->, thick] (scc.east) --...
l.1465 }
        
The control sequence at the end of the top line
of your error message was never \def'ed. If you have
misspelled it (e.g., `\hobx'), type `I' and the correct
spelling (e.g., `I\hbox'). Otherwise just continue,
and I'll forget about whatever was undefined.

! Undefined control sequence.
<argument> ...ck] (scc.east) -- (aki.west); \draw 
                                                  [->, thick] (panel3.north)...
l.1465 }
        
The control sequence at the end of the top line
of your error message was never \def'ed. If you have
misspelled it (e.g., `\hobx'), type `I' and the correct
spelling (e.g., `I\hbox'). Otherwise just continue,
and I'll forget about whatever was undefined.

! Undefined control sequence.
<argument> ...3.north) -- (scc.south); \par \node 
                                                  (led) [comp, fill=yellow!2...
l.1465 }
        
The control sequence at the end of the top line
of your error message was never \def'ed. If you have
misspelled it (e.g., `\hobx'), type `I' and the correct
spelling (e.g., `I\hbox'). Otherwise just continue,
and I'll forget about whatever was undefined.

! Undefined control sequence.
<argument> ...m of esp] {LED \\ Indikator}; \node 
                                                  at (1,1) {}; \draw [->, th...
l.1465 }
        
The control sequence at the end of the top line
of your error message was never \def'ed. If you have
misspelled it (e.g., `\hobx'), type `I' and the correct
spelling (e.g., `I\hbox'). Otherwise just continue,
and I'll forget about whatever was undefined.

! Undefined control sequence.
<argument> ...ndikator}; \node at (1,1) {}; \draw 
                                                  [->, thick] (esp.south) --...
l.1465 }
        
The control sequence at the end of the top line
of your error message was never \def'ed. If you have
misspelled it (e.g., `\hobx'), type `I' and the correct
spelling (e.g., `I\hbox'). Otherwise just continue,
and I'll forget about whatever was undefined.

! Undefined control sequence.
<argument> ...0,-0.15) |- (led.north); \par \node 
                                                  (tandon) [big, fill=cyan!1...
l.1465 }
        
The control sequence at the end of the top line
of your error message was never \def'ed. If you have
misspelled it (e.g., `\hobx'), type `I' and the correct
spelling (e.g., `I\hbox'). Otherwise just continue,
and I'll forget about whatever was undefined.

! Undefined control sequence.
<argument> ... {Tandon Air \\ (Gravitasi)}; \draw 
                                                  [->, thick, blue!50!black]...
l.1465 }
        
The control sequence at the end of the top line
of your error message was never \def'ed. If you have
misspelled it (e.g., `\hobx'), type `I' and the correct
spelling (e.g., `I\hbox'). Otherwise just continue,
and I'll forget about whatever was undefined.

! Undefined control sequence.
<argument> ...don.west) -- (solenoid.east); \node 
                                                  at ($(tandon.east)+(1,0)$)...
l.1465 }
        
The control sequence at the end of the top line
of your error message was never \def'ed. If you have
misspelled it (e.g., `\hobx'), type `I' and the correct
spelling (e.g., `I\hbox'). Otherwise just continue,
and I'll forget about whatever was undefined.

! Undefined control sequence.
<argument> ...bf {$\to $ Drip Irrigation}}; \draw 
                                                  [->, thick, blue!50!black]...
l.1465 }
        
The control sequence at the end of the top line
of your error message was never \def'ed. If you have
misspelled it (e.g., `\hobx'), type `I' and the correct
spelling (e.g., `I\hbox'). Otherwise just continue,
and I'll forget about whatever was undefined.

! Undefined control sequence.
<argument> ...tandon.east) -- ++(1,0); \par \node 
                                                  (wifi) at ($(esp.north)+(1...
l.1465 }
        
The control sequence at the end of the top line
of your error message was never \def'ed. If you have
misspelled it (e.g., `\hobx'), type `I' and the correct
spelling (e.g., `I\hbox'). Otherwise just continue,
and I'll forget about whatever was undefined.

! Undefined control sequence.
<argument> ...)+(1.5,0.5)$) {∼ WiFi ∼}; \draw 
                                                  [dashed, thick] (esp.north...
l.1465 }
        
The control sequence at the end of the top line
of your error message was never \def'ed. If you have
misspelled it (e.g., `\hobx'), type `I' and the correct
spelling (e.g., `I\hbox'). Otherwise just continue,
and I'll forget about whatever was undefined.

! Undefined control sequence.
<argument> ...thick] (esp.north) -- (wifi); \draw 
                                                  [dashed, thick] (wifi) -- ...
l.1465 }
        
The control sequence at the end of the top line
of your error message was never \def'ed. If you have
misspelled it (e.g., `\hobx'), type `I' and the correct
spelling (e.g., `I\hbox'). Otherwise just continue,
and I'll forget about whatever was undefined.

Missing character: There is no ∼ (U+223C) in font ptmr8t!
Missing character: There is no ∼ (U+223C) in font ptmr8t!
Missing character: There is no ∼ (U+223C) in font ptmr8t!
Missing character: There is no ∼ (U+223C) in font ptmr8t!
! Undefined control sequence.
<argument> ...($(lte.north)+(0,0.5)$); \par \node 
                                                  [below=0.2cm of panel3.sou...
l.1465 }
        
The control sequence at the end of the top line
of your error message was never \def'ed. If you have
misspelled it (e.g., `\hobx'), type `I' and the correct
spelling (e.g., `I\hbox'). Otherwise just continue,
and I'll forget about whatever was undefined.

Missing character: There is no — (U+2014) in font ptmr8t!
Missing character: There is no — (U+2014) in font ptmr8t!
! Undefined control sequence.
\endtikzpicture ...r@layerlist@globally \endscope 
                                                  \let \pgf@baseline =\pgf@s...
l.1465 }
        
The control sequence at the end of the top line
of your error message was never \def'ed. If you have
misspelled it (e.g., `\hobx'), type `I' and the correct
spelling (e.g., `I\hbox'). Otherwise just continue,
and I'll forget about whatever was undefined.

! Missing } inserted.
<inserted text> 
                }
l.1465 }
        
I've inserted something that you may have forgotten.
(See the <inserted text> above.)
With luck, this will get me unwedged. But if you
really didn't forget anything, try typing `2' now; then
my insertion and my current dilemma will both disappear.

! Extra \endgroup.
\endpgfpicture ...pe \pgfsys@endpicture \endgroup 
                                                  \hss \egroup \pgfsys@types...
l.1465 }
        
Things are pretty mixed up, but I think the worst is over.

! Too many }'s.
\endpgfpicture ...dpicture \endgroup \hss \egroup 
                                                  \pgfsys@typesetpicturebox ...
l.1465 }
        
You've closed more groups than you opened.
Such booboos are generally harmless, so keep going.

! Extra \endgroup.
\endpgfpicture ...setpicturebox \pgfpic \endgroup 
                                                  
l.1465 }
        
Things are pretty mixed up, but I think the worst is over.

! Extra \endgroup.
\endtikzpicture ...lobal \endpgfpicture \endgroup 
                                                  
l.1465 }
        
Things are pretty mixed up, but I think the worst is over.


! LaTeX Error: \begin{document} ended by \end{tikzpicture}.

See the LaTeX manual or LaTeX Companion for explanation.
Type  H <return>  for immediate help.
 ...                                              
                                                  
l.1465 }
        
Your command was ignored.
Type  I <command> <return>  to replace it with another command,
or  <return>  to continue without it.

! Extra \endgroup.
\end  ...end#1\endcsname \@checkend {#1}\endgroup 
                                                  \UseHook {env/#1/after}\if...
l.1465 }
        
Things are pretty mixed up, but I think the worst is over.

! Infinite glue shrinkage found in a paragraph.
<argument> ...hskip:D \c_zero_dim \fi: \tex_par:D 
                                                  \hook_use:n {para/after}\@...
l.1465 }
        
The paragraph just ended includes some glue that has
infinite shrinkability, e.g., `\hskip 0pt minus 1fil'.
Such glue doesn't belong there---it allows a paragraph
of any length to fit on one line. But it's safe to proceed,
since the offensive shrinkability has been made finite.


Overfull \hbox (81.74142pt too wide) in paragraph at lines 1465--1465
[] [] 
 []

! Extra \endgroup.
\color@endgroup ->\endgraf \@endpefalse \endgroup 
                                                  
l.1465 }
        
Things are pretty mixed up, but I think the worst is over.

! Too many }'s.
\@begin@tempboxa ...begingroup #2\color@endgroup }
                                                  \def \width {\wd \@tempbox...
l.1465 }
        
You've closed more groups than you opened.
Such booboos are generally harmless, so keep going.


! Package graphics Error: Division by 0.

See the graphics package documentation for explanation.
Type  H <return>  for immediate help.
 ...                                              
                                                  
l.1465 }
        
Your command was ignored.
Type  I <command> <return>  to replace it with another command,
or  <return>  to continue without it.


Package fancyhdr Warning: \headheight is too small (12.0pt): 
(fancyhdr)                Make it at least 13.59999pt, for example:
(fancyhdr)                \setlength{\headheight}{13.59999pt}.
(fancyhdr)                You might also make \topmargin smaller:
(fancyhdr)                \addtolength{\topmargin}{-1.59999pt}.

[37
Missing character: There is no — (U+2014) in font ptmb8t!
]
! Extra \endgroup.
\Gscale@box@dd ...\box \@tempboxa }\@end@tempboxa 
                                                  
l.1465 }
        
Things are pretty mixed up, but I think the worst is over.


! Package caption Error: \caption outside float.

See the caption package documentation for explanation.
Type  H <return>  for immediate help.
 ...                                              
                                                  
l.1466 \caption
               {Skema wiring final ANDROMEDA — koneksi langsung sensor ke ...
If you do not understand this error, please take a closer look
at the documentation of the `caption' package, especially the
section about errors.
Try typing  <return>  to proceed.
If that doesn't work, type  X <return>  to quit.

! Too many }'s.
\@endfloatbox ...pagefalse \outer@nobreak \egroup 
                                                  \color@endbox 
l.1468 \end{figure}
                   
You've closed more groups than you opened.
Such booboos are generally harmless, so keep going.

! Extra \endgroup.
\color@endgroup ->\endgraf \@endpefalse \endgroup 
                                                  
l.1468 \end{figure}
                   
Things are pretty mixed up, but I think the worst is over.

! Too many }'s.
\color@endbox ->\color@endgroup \egroup 
                                        
l.1468 \end{figure}
                   
You've closed more groups than you opened.
Such booboos are generally harmless, so keep going.


! LaTeX Error: \begin{document} ended by \end{figure}.

See the LaTeX manual or LaTeX Companion for explanation.
Type  H <return>  for immediate help.
 ...                                              
                                                  
l.1468 \end{figure}
                   
Your command was ignored.
Type  I <command> <return>  to replace it with another command,
or  <return>  to continue without it.

! Extra \endgroup.
\end  ...end#1\endcsname \@checkend {#1}\endgroup 
                                                  \UseHook {env/#1/after}\if...
l.1468 \end{figure}
                   
Things are pretty mixed up, but I think the worst is over.

Missing character: There is no — (U+2014) in font ptmr8t!
Missing character: There is no — (U+2014) in font ptmr8t!
Missing character: There is no — (U+2014) in font ptmr8t!
Missing character: There is no — (U+2014) in font ptmr8t!
Missing character: There is no — (U+2014) in font ptmr8t!
Missing character: There is no — (U+2014) in font ptmr8t!
Missing character: There is no — (U+2014) in font ptmr8t!
Missing character: There is no — (U+2014) in font ptmr8t!
Missing character: There is no — (U+2014) in font ptmr8t!
Missing character: There is no — (U+2014) in font ptmr8t!
Missing character: There is no — (U+2014) in font ptmr8t!
Missing character: There is no — (U+2014) in font ptmr8t!

Overfull \hbox (6.51958pt too wide) in paragraph at lines 1478--1479
[]\T1/ptm/b/n/12 Kon-trol otoma-tis \T1/ptm/m/n/12 — Jika kelem-ba-ban $\OML/
cmm/m/it/12 <$ \T1/ptm/m/n/12 thresh-old $\OMS/cmsy/m/n/12 !$ \T1/ptm/m/n/12 ESP
32 men-gak-tifkan re-lay $\OMS/cmsy/m/n/12 !$ \T1/ptm/m/n/12 Solenoid
 []

Missing character: There is no — (U+2014) in font ptmr8t!
Missing character: There is no — (U+2014) in font ptmr8t!
Missing character: There is no — (U+2014) in font ptmr8t!
Missing character: There is no — (U+2014) in font ptmr8t!

Package fancyhdr Warning: \headheight is too small (12.0pt): 
(fancyhdr)                Make it at least 13.59999pt, for example:
(fancyhdr)                \setlength{\headheight}{13.59999pt}.
(fancyhdr)                You might also make \topmargin smaller:
(fancyhdr)                \addtolength{\topmargin}{-1.59999pt}.

[38
Missing character: There is no — (U+2014) in font ptmr8t!
Missing character: There is no — (U+2014) in font ptmr8t!
Missing character: There is no — (U+2014) in font ptmr8t!
Missing character: There is no — (U+2014) in font ptmr8t!
Missing character: There is no — (U+2014) in font ptmr8t!
Missing character: There is no — (U+2014) in font ptmr8t!
]

Package fancyhdr Warning: \headheight is too small (12.0pt): 
(fancyhdr)                Make it at least 13.59999pt, for example:
(fancyhdr)                \setlength{\headheight}{13.59999pt}.
(fancyhdr)                You might also make \topmargin smaller:
(fancyhdr)                \addtolength{\topmargin}{-1.59999pt}.

[39
Missing character: There is no — (U+2014) in font ptmr8t!
]
Chapter 5.
[40

]
Missing character: There is no — (U+2014) in font ptmr8t!
Missing character: There is no — (U+2014) in font ptmr8t!
Missing character: There is no — (U+2014) in font ptmr8t!
Missing character: There is no — (U+2014) in font ptmr8t!
Missing character: There is no — (U+2014) in font ptmr8t!
Missing character: There is no — (U+2014) in font ptmr8t!
Missing character: There is no — (U+2014) in font ptmr8t!
Missing character: There is no — (U+2014) in font ptmr8t!
Missing character: There is no — (U+2014) in font ptmr8t!
Missing character: There is no — (U+2014) in font ptmr8t!
Missing character: There is no — (U+2014) in font ptmr8t!
Missing character: There is no — (U+2014) in font ptmr8t!
Missing character: There is no — (U+2014) in font ptmr8t!
Missing character: There is no — (U+2014) in font ptmr8t!

Package fancyhdr Warning: \headheight is too small (12.0pt): 
(fancyhdr)                Make it at least 13.59999pt, for example:
(fancyhdr)                \setlength{\headheight}{13.59999pt}.
(fancyhdr)                You might also make \topmargin smaller:
(fancyhdr)                \addtolength{\topmargin}{-1.59999pt}.

[41
Missing character: There is no — (U+2014) in font ptmr8t!
Missing character: There is no — (U+2014) in font ptmr8t!
Missing character: There is no — (U+2014) in font ptmr8t!
Missing character: There is no — (U+2014) in font ptmr8t!
Missing character: There is no — (U+2014) in font ptmr8t!
Missing character: There is no — (U+2014) in font ptmr8t!
]
Overfull \hbox (58.91893pt too wide) in paragraph at lines 1529--1531
\T1/ptm/m/n/12 Available: [][]$\T1/pcr/m/n/12 https://www.espressif.com/sites/de
fault/files/documentation/
 []


Overfull \hbox (8.51895pt too wide) in paragraph at lines 1546--1548
\T1/ptm/m/n/12 Available: [][]$\T1/pcr/m/n/12 https://supabase.com/docs/referenc
e/dart/introduction$[][] 
 []

[42

] (./main.aux)
 ***********
LaTeX2e <2025-11-01>
L3 programming layer <2026-01-19>
 ***********
Package rerunfilecheck Info: File `main.out' has not changed.
(rerunfilecheck)             Checksum: 02F9C7709B335DB14C9914DABD9F275A;11962.
)

Here is how much of LuaTeX's memory you used:
 28912 strings out of 476076
 100000,1144653 words of node,token memory allocated
 3283 words of node memory still in use:
   4 hlist, 1 vlist, 1 rule, 3 glue, 335 kern, 1 glyph, 287 attribute, 60 glue_s
pec, 287 attribute_list, 2 write, 1 pdf_action nodes
   avail lists: 1:1,2:2812,3:1423,4:272,5:175,6:119,7:6270,8:82,9:974,10:17,11:3
95
 50314 multiletter control sequences out of 65536+600000
 77 fonts using 5322023 bytes
 84i,13n,100p,605b,902s stack positions out of 10000i,1000n,20000p,200000b,200000s

warning  (pdf backend): unreferenced destination with name 'Hfootnote.1'
{/usr/share/texlive/texmf-dist/fonts/enc/dvips/base/8r.enc}</usr/share/texlive/t
exmf-dist/fonts/type1/public/amsfonts/cm/cmmi12.pfb></usr/share/texlive/texmf-di
st/fonts/type1/public/amsfonts/cm/cmr12.pfb></usr/share/texlive/texmf-dist/fonts
/type1/public/amsfonts/cm/cmsy10.pfb></usr/share/texlive/texmf-dist/fonts/type1/
urw/courier/ucrr8a.pfb></usr/share/texlive/texmf-dist/fonts/type1/urw/times/utmb
8a.pfb></usr/share/texlive/texmf-dist/fonts/type1/urw/times/utmbi8a.pfb></usr/sh
are/texlive/texmf-dist/fonts/type1/urw/times/utmr8a.pfb></usr/share/texlive/texm
f-dist/fonts/type1/urw/times/utmri8a.pfb></usr/share/texlive/texmf-dist/fonts/ty
pe1/urw/zapfding/uzdr.pfb>
Output written on main.pdf (44 pages, 188132 bytes).

PDF statistics: 788 PDF objects out of 1000 (max. 8388607)
 678 compressed objects within 7 object streams
 217 named destinations out of 1000 (max. 131072)
 564 words of extra memory for PDF output out of 10000 (max. 100000000)

